id,firstName,lastName,email,phNumber,dob
1,Cheryl,connor,hjohnson@tran.org,603.415.7913x48649,1984-08-28
2,Tyler,Anderson,catherinehenderson@callahan.biz,+1-033-120-1140x96873,1978-12-29
3,Rodney,Robinson,dustinblevins@yahoo.com,(590)488-8308,1979-01-09
4,James,Snyder,paulanoble@hotmail.com,758.113.8996x8516,1988-11-18
5,Haley,Phelps,daniel98@yahoo.com,107-823-2636x06613,1939-05-07
6,Alisha,Salazar,robin43@gmail.com,(231)469-3237x299,1942-05-10
7,Mark,Simmons,warrenjohn@johnson-herring.biz,+1-387-254-4485x21172,1989-02-14
8,James,Martin,alexander15@barnett-clark.com,+1-962-722-7567x99828,1985-06-09
9,Neil,Villarreal,jamespierce@hotmail.com,001-357-566-6069x176,1997-02-25
10,Stephanie,Ryan,bkent@wood-mann.com,001-035-184-5719,1968-12-13
11,Carla,Sims,fjackson@hotmail.com,(948)989-9635,1967-06-11
12,Adam,Cook,vazquezlaura@odonnell.biz,(733)049-5093x559,1965-11-14
13,Adam,Combs,virginia19@gmail.com,020-463-1101,2004-12-20
14,Rachel,Elliott,corynichols@jackson.net,846.726.6633x7709,1946-07-16
15,Jose,Welch,troy24@bond.com,537-381-2199x858,1990-01-04
16,Joseph,Acosta,amandanguyen@gmail.com,001-284-104-2002x21871,1989-02-10
17,Melissa,White,beckertimothy@price.com,010.032.1829x8199,1956-03-27
18,Alicia,Armstrong,nichole36@hardin.biz,(402)587-3330,1967-09-19
19,Brian,Santos,joseph92@hotmail.com,692.336.5271x30687,1976-06-12
20,Samuel,Houston,istokes@taylor.org,+1-664-999-9389x97779,1959-01-14
21,Samantha,Schwartz,nelsonbeverly@hotmail.com,+1-946-147-2713x03011,1946-05-19
22,Diamond,Anderson,bentleyadam@hamilton-douglas.net,001-066-319-7510,1997-09-22
23,Cory,Mcintosh,shawjason@hanson.com,(278)481-2728x12296,1938-12-23
24,Brandon,Perez,aleon@gregory-henry.com,485.528.1832,1944-07-15
25,Ricky,Martinez,awilliams@sexton.com,7458525728,1976-09-06
26,Kimberly,Holt,aguilarbecky@gmail.com,+1-948-031-3113x194,1981-10-29
27,Molly,Bray,tstrong@hotmail.com,(910)674-8578x91395,1947-01-26
28,Pam,Vasquez,colejones@hotmail.com,(454)050-3053x894,1959-07-05
29,Patrick,Salazar,randywilson@norton-sullivan.info,(064)564-0129x140,1940-10-19
30,Nancy,Ponce,caseyjackson@hotmail.com,710-112-1928x8418,1979-03-04
31,Gary,Washington,scottkaren@hotmail.com,001-346-022-1002x8254,1955-08-03
32,Todd,Morgan,okim@yahoo.com,(954)169-9146x7817,1986-10-15
33,Todd,Solomon,zavalastacey@dunlap.com,(877)139-5675,1954-09-08
34,Lisa,Graham,xbradley@jones.com,(339)137-0147,1934-09-14
35,Manuel,Jackson,davidchapman@hotmail.com,(336)469-1126x742,2003-11-06
36,Jason,Sanders,rstone@gmail.com,788-244-8626x4006,1958-08-02
37,Karen,Graham,robertstheodore@gmail.com,001-287-704-3311x59869,1947-09-07
38,Toni,Perez,pecklindsay@wilson.net,263-421-0922,2005-11-21
39,Eric,Reyes,baustin@yahoo.com,4761612728,1941-06-13
40,James,West,fmunoz@yahoo.com,(848)849-7397x221,1958-03-17
41,Susan,Jones,angela66@gmail.com,001-541-094-0331x97295,1949-05-15
42,Ryan,Coleman,justin20@gmail.com,758-581-8946x9822,1978-01-18
43,Holly,Jenkins,lloydmitchell@yahoo.com,001-795-087-7737x898,1949-11-08
44,Sara,Ryan,hwright@yahoo.com,467.213.3146,1982-07-10
45,Joseph,Gray,greynolds@fox.com,001-243-517-7835,1999-07-18
46,Matthew,Grimes,edwardsjason@walker.com,+1-564-185-6544x69252,1950-12-16
47,Brittany,Orozco,millsjamie@gmail.com,001-326-187-9894x88731,1955-01-16
48,Katherine,Griffith,ogutierrez@byrd.biz,+1-869-558-2430,1995-11-20
49,Oscar,Lopez,camerongarrison@lynch.com,920.442.6853,1991-05-18
50,Warren,Rodriguez,robinsonjason@hotmail.com,+1-722-747-0865,1939-05-14
51,Andrew,Brewer,brenda63@hotmail.com,470.134.6441x25224,1972-01-10
52,John,Morris,rhonda26@ritter.com,001-283-940-3730x96853,2005-06-10
53,William,Roman,kaylanguyen@maxwell.net,001-153-015-8751x498,2002-12-21
54,Tommy,West,thomasrusso@yahoo.com,826-858-8244,1966-06-06
55,Kevin,Butler,emilyandrews@hale.com,5149430065,1947-02-21
56,Daniel,Herrera,frazierelizabeth@thomas.biz,001-250-897-2761,1991-10-08
57,Monique,Castillo,nhernandez@long.org,+1-646-508-4056,1968-05-30
58,Christopher,Jenkins,gordonmichael@yahoo.com,373-391-8982x027,1996-03-07
59,Todd,Jensen,morganchristopher@taylor-mendoza.com,(665)102-3252,1981-03-16
60,Vanessa,Baker,john84@gmail.com,(010)941-6052x0724,1949-05-31
61,Rose,Adams,rkennedy@miller.com,(438)258-9110x028,1974-05-19
62,Joseph,Webster,amandaporter@gmail.com,+1-850-178-1863x3974,1969-12-24
63,Russell,Holland,riverakimberly@yahoo.com,025-045-3503x51533,1935-03-19
64,Patricia,Brown,kevin81@george.net,001-989-709-0390x245,1981-12-16
65,Anna,Ponce,tiffanynielsen@sims-hubbard.net,335.139.7981x92971,1993-11-26
66,Bailey,Patterson,hherrera@tanner-fernandez.com,+1-878-840-9789x68449,1955-04-15
67,Lisa,Collier,xramirez@murphy-young.com,807-922-9109,1949-12-08
68,Kristen,Hansen,crosslinda@gmail.com,291.106.0008x2014,1974-04-25
69,Jenny,Martin,debrapace@yahoo.com,(802)767-4547x652,1941-09-24
70,Deborah,Rodriguez,cartermonica@gmail.com,+1-753-820-2220,1961-12-24
71,Brittany,Pham,arnoldmarcus@hotmail.com,001-563-496-4687,1959-04-23
72,Thomas,Santiago,potterjames@haas-sutton.com,964-384-8585,1966-05-25
73,Derrick,Riley,garrisonshawn@black.com,817.799.9652x82630,1957-02-09
74,Aaron,Waller,sherri71@gmail.com,221.000.7660x0432,1940-07-05
75,Nicole,Stephenson,aglenn@hotmail.com,3295496790,1939-04-30
76,Rita,Terry,wheelersteven@ali.org,729.092.1790x343,2002-03-23
77,Nathan,Shields,gardnerdaniel@moore.com,(006)583-2057x274,1997-03-22
78,Christopher,Jackson,kaylafarley@gmail.com,042-564-0835x0096,1944-08-29
79,Mike,Greene,omahoney@gmail.com,(902)187-4258,1937-09-21
80,Caleb,Smith,leahhaas@yahoo.com,619.712.1016x32084,1958-08-05
81,Phillip,Bell,mitchelldavid@holt.com,001-562-837-0284x4943,1972-06-12
82,Kara,Turner,kimberlymedina@hotmail.com,729.971.6387,1938-11-29
83,Andrea,Nichols,dcamacho@hotmail.com,567.649.3234,1967-07-29
84,Stephen,Collins,atkinscameron@williams.info,4708496000,1999-01-10
85,Brandon,Burnett,margaret00@aguilar.org,+1-502-964-1923x4533,1972-12-23
86,Jennifer,White,gregoryortiz@yahoo.com,475.291.5727x6477,1953-01-03
87,Barbara,Miller,ccannon@yahoo.com,001-423-328-5011x24773,1973-03-14
88,Jessica,Gonzalez,heather32@coleman.com,2351087628,1999-07-02
89,Susan,Brown,garciaautumn@raymond.com,906-544-5786x899,1942-07-28
90,Kenneth,Black,robertscott@gmail.com,693.103.6524,1946-02-27
91,Angelica,Gray,christianwaters@davis-braun.com,118-067-9172x9038,1966-08-31
92,Brian,Long,gibsonzoe@yahoo.com,960.735.6526x856,1990-04-30
93,Eddie,Stevens,hcowan@pearson-weber.com,(808)562-1511,1966-08-17
94,Debra,Ward,jasmine71@jensen.biz,+1-135-032-1073x55858,1983-02-26
95,Joseph,Fox,mistyherrera@yahoo.com,(471)525-9202x2522,1976-10-17
96,Jonathan,Cohen,stacy54@monroe.biz,+1-247-556-5294x62620,1988-06-02
97,Laura,Fernandez,joshua55@hotmail.com,001-076-124-4688,1982-11-24
98,Charles,Summers,blakerandall@hotmail.com,460.103.1685x3356,1965-01-21
99,Michael,Stewart,torreslinda@allen-gardner.com,+1-706-677-5002x9808,1949-02-08
100,Jasmine,Brennan,beckerbenjamin@yahoo.com,(173)796-1521,1993-04-22
101,Ronald,Smith,wwallace@hotmail.com,770.737.5110x4089,1949-05-15
102,Theresa,Grimes,elizabethallen@gross.biz,340.274.9030,1958-11-12
103,Mitchell,Porter,robinarellano@yahoo.com,+1-119-171-6430x523,1974-01-15
104,Timothy,Watson,grantlucas@yahoo.com,(642)922-2397,1989-03-26
105,Charles,Knight,santiagojessica@esparza.com,(713)717-8520,1995-08-24
106,Heather,Richards,stacymitchell@gmail.com,480.640.3941,1989-10-24
107,Justin,Shelton,lkim@ferrell-heath.com,+1-149-104-5736,1961-04-18
108,Michael,Mahoney,sgreen@hotmail.com,234-342-2528x34861,2003-07-30
109,Lauren,Tapia,cindyking@gill.org,(489)218-9560,1948-11-18
110,Lindsey,Boyd,kelly46@carney.com,161-626-3782,1965-06-11
111,Tyler,Knight,jackson33@martin.com,+1-639-091-4904x1216,1953-12-05
112,Andres,Williams,garyhicks@yahoo.com,+1-106-913-6428x6794,1995-06-03
113,Donna,Garcia,alexis60@gmail.com,+1-382-468-3486x22352,1945-03-17
114,Wendy,Munoz,roywhitney@ellis-braun.net,557.846.8555,1962-02-03
115,Janice,Sullivan,aaron45@duncan.com,736-006-4168,1944-08-23
116,Cassandra,Cooper,grios@yahoo.com,001-385-814-9455x9386,1984-08-07
117,James,Figueroa,dianelloyd@hotmail.com,001-677-266-8896x7621,1994-02-21
118,Kara,Thomas,nprice@rodriguez.com,936.223.4279,1944-08-15
119,Helen,Burke,howardcrystal@mejia.biz,8430990889,1956-10-12
120,Cassandra,Ferguson,stevensonmark@phillips.org,(650)274-0047,1962-02-15
121,William,Welch,sanchezedward@hotmail.com,(711)243-6376x472,1947-08-02
122,Ashley,Butler,schneidersusan@gmail.com,(730)816-4318x183,1978-06-03
123,Darrell,Wiggins,tonya39@gmail.com,(922)604-9190,1992-04-27
124,John,Robinson,vargasmichelle@gmail.com,001-492-325-1173x502,2005-01-22
125,Michelle,Bruce,reedamanda@gmail.com,953.028.7486x7747,1989-05-06
126,Dalton,Curry,lcooley@miller-beasley.biz,+1-766-377-4027x3203,1935-11-27
127,Debbie,Simmons,wendy17@williamson.com,+1-716-272-8753x56546,1951-10-22
128,Phillip,Hunt,ohamilton@gmail.com,598-892-5088,1955-06-04
129,Thomas,Floyd,lawsonnancy@castro-mccann.com,962-595-6160x89035,2003-12-24
130,Johnathan,Martin,vguzman@hotmail.com,8451805038,1956-09-28
131,Wendy,Sullivan,christinecox@gmail.com,001-973-466-8915x264,1946-03-19
132,Rachel,Kim,amanda12@garrison.net,001-151-157-3557,1954-07-31
133,Melanie,Little,wrush@gmail.com,(898)299-1612,1974-06-18
134,Denise,Perez,amanda52@gmail.com,001-124-359-9776x5602,1981-12-10
135,Brittney,Fields,reedkristie@gmail.com,416.204.0894,1974-03-02
136,Jessica,Baird,gjohnson@cruz.net,263-473-2330x4410,1995-01-31
137,Jennifer,Allen,joshua41@jordan.com,001-737-700-8564,1965-12-22
138,Reginald,Edwards,longgerald@gonzalez.com,6795724433,1953-06-09
139,Daniel,Hill,oanderson@yahoo.com,001-303-477-2302x18268,1938-09-29
140,Edward,Thompson,elopez@ramirez.info,7315101405,1971-08-14
141,Charles,Johnson,wolfecassandra@ramirez.com,+1-517-694-8887,1963-09-15
142,Max,Parker,robert25@gmail.com,(958)842-9542x05006,1997-06-13
143,Joseph,Dean,alyssakennedy@rodriguez.com,715-059-2275x61996,2006-01-18
144,Jonathan,Flores,manuelchandler@hotmail.com,001-317-870-0558x613,1965-10-17
145,Kelly,Lopez,jenniferdecker@stokes.net,017.243.5276x26371,1952-09-19
146,Nicholas,Porter,tina09@gmail.com,667.910.2359x748,1981-08-18
147,Tara,Stafford,qlawrence@hotmail.com,713.887.1310,1986-10-26
148,Tammie,Smith,careyjohn@yahoo.com,207.101.3237,1952-06-15
149,Mark,Hicks,nbryan@yahoo.com,361-182-0846,1942-05-03
150,Lauren,Krueger,brownjason@yahoo.com,(006)157-9291x135,1970-09-13
151,Jason,Kelley,donald22@yahoo.com,+1-056-899-2906,1936-12-15
152,Larry,Castro,jessica28@hotmail.com,(931)938-8962,1990-02-16
153,Cynthia,Pearson,wagnerjason@krueger.com,(344)597-2479x6797,1946-10-27
154,Shannon,Frye,watsonronald@hotmail.com,+1-350-587-8327x43084,1998-01-20
155,Matthew,Johnson,cruzallison@hotmail.com,(438)443-1753,1968-07-01
156,Gary,Henson,fritzsherry@phillips-morales.com,(499)668-8692,1991-01-01
157,Steven,Carson,stevenbarron@moore-hunter.com,+1-479-771-4403,1999-07-17
158,Adam,Adkins,ndavis@hotmail.com,+1-725-796-5977x79208,1985-01-31
159,Christopher,Cunningham,rose05@gmail.com,618-749-6954,1989-12-02
160,Leroy,Graves,bryan05@hampton.com,789-946-4374x84028,1936-04-14
161,David,Anderson,cynthiabuck@gardner.com,501.544.4043,1941-01-02
162,Donna,Martinez,abigail05@petersen.org,399.331.8107x59776,1945-07-09
163,Robert,Williams,davidolson@hotmail.com,+1-187-459-7912,1944-06-04
164,Bruce,Young,richardsthomas@hotmail.com,9378769323,1986-01-11
165,Brandon,Sloan,michael76@austin.com,314-735-8880,1980-06-22
166,Michael,Brown,brooksryan@gmail.com,993.406.4355x98292,1965-10-27
167,Mark,Morgan,pmichael@morales.com,+1-771-943-7053x4604,1960-08-26
168,Andrew,Estrada,michaellawson@dennis-peterson.org,536-630-1654x1426,2003-05-13
169,Joel,Brown,fgonzales@yahoo.com,(275)846-4056x7422,1994-05-30
170,Mark,Atkins,kimberly70@gmail.com,(102)535-6109x0278,1986-10-14
171,James,Martin,haleymaldonado@yahoo.com,338-214-1191,2005-06-08
172,Angel,Pace,smithtimothy@yahoo.com,+1-588-397-0795x96931,1936-09-01
173,Vanessa,Walker,scott20@mitchell.com,+1-493-235-9585x2022,1998-08-06
174,Stephen,Fowler,williamsmonica@george.com,+1-371-444-3277,1963-10-27
175,Charles,Williams,simsmatthew@lee-hull.org,+1-728-274-5730,1954-09-24
176,Sabrina,Gill,hthomas@mueller-waller.com,(379)214-8588,1985-05-27
177,Kyle,Perkins,anthonyrojas@hotmail.com,672.046.3034,1943-10-12
178,Robert,Campbell,yhaynes@schneider-peterson.com,809-574-5217x0921,1965-02-02
179,Barry,Rocha,timothy33@yahoo.com,999-608-8332x5645,1961-07-06
180,Paul,Johnson,andrewcox@hotmail.com,434.614.3972x5381,1978-06-03
181,Cody,Fletcher,danielknight@yahoo.com,(168)454-4684x33858,1934-04-03
182,Michelle,Wilkins,panderson@yahoo.com,480.335.5641x148,2005-01-19
183,Rebecca,Cochran,pdorsey@smith.com,898-381-3050,2004-05-12
184,Michael,Harrison,tammymorales@hotmail.com,653-816-0171x6124,2005-10-16
185,Megan,Smith,emilywalsh@gmail.com,503-742-1212x6968,1994-01-04
186,Patricia,Thompson,stephensstephanie@riggs-frank.com,001-707-025-4965x25913,1939-11-29
187,Shannon,Evans,jonesjohn@harrison-ibarra.com,(491)684-4168,1962-09-09
188,Andrew,Jensen,briancook@stokes.com,903-526-4294x923,1934-06-21
189,Philip,Grant,scott58@hotmail.com,(028)579-6111,1949-06-11
190,Matthew,Calderon,fpowell@gmail.com,+1-365-819-1217x842,1979-06-19
191,Michelle,Frazier,barrlindsey@hotmail.com,(593)479-7796x5186,1947-12-16
192,Philip,Torres,ricardolin@hotmail.com,886-067-9728x465,2000-08-12
193,Paul,Peters,patrickcurtis@watkins.biz,340.014.6068x9598,1965-07-07
194,David,Mckinney,ykrause@robertson.org,001-684-511-5534x489,1945-03-11
195,Sandra,Hawkins,muellerlinda@greene.com,120-085-2707x657,1996-04-30
196,Jose,Robinson,brian19@smith.biz,(691)582-1544x4084,1963-07-20
197,Virginia,House,joshuahogan@hotmail.com,+1-696-385-0299,1957-04-28
198,Tricia,Lane,transabrina@turner.com,001-959-962-9082x23200,1937-08-29
199,Traci,Gonzalez,wdavis@yahoo.com,(079)628-6607,1965-06-12
200,Paula,Moore,johnsontroy@hamilton-velasquez.net,+1-622-950-9910x2180,1990-08-15
201,Kelly,Stephens,mrose@martin.com,001-211-337-4567x61276,1936-05-17
202,David,Bradshaw,taylorhernandez@gmail.com,280-932-0614x773,1977-06-22
203,Mary,Green,jenkinsallen@garcia-king.com,(787)514-4118,1939-12-19
204,Charles,Ellison,hbrown@peters.biz,(791)173-1055x7185,1938-03-01
205,Joshua,Santos,joneskevin@allen.com,224.497.9281x80201,1999-08-25
206,Lauren,Parker,shawn37@gmail.com,001-454-125-0203x572,1990-06-19
207,Melanie,Parks,tonya23@gonzalez-johns.com,+1-219-127-8505,1955-10-01
208,William,Rice,andrew60@johnston-lewis.com,224-907-0285,1998-07-25
209,Jon,Black,clee@lee-rose.com,841.115.5366,1969-03-11
210,Monica,Rodriguez,heathermarsh@ramsey.com,343-178-0097x185,1947-11-01
211,Jason,Ruiz,rileybrooke@gmail.com,4809631873,1970-10-11
212,Anna,Zamora,anthony55@gmail.com,223.531.7232,1984-11-13
213,Brittany,Wright,wtaylor@hotmail.com,001-049-252-4866x62350,1942-11-01
214,Matthew,Wang,richardbyrd@yahoo.com,(976)489-7133x7341,1957-01-01
215,Eric,Johnson,christopher25@gmail.com,1823190050,1955-02-16
216,Stephanie,Greene,jonathangriffin@smith.net,850-923-8696,1977-11-28
217,Aaron,Morales,lsmith@yahoo.com,001-606-636-9728x45330,1950-08-15
218,Zachary,Henry,shelleybanks@golden.com,498-018-5376x999,1949-05-03
219,Frank,Miller,martinezwilliam@collier.com,(987)532-4255,1953-01-22
220,Teresa,Gardner,derek89@yahoo.com,728-150-4006,1981-06-20
221,Zachary,Duarte,courtneygonzalez@yahoo.com,652.888.5733x826,1937-05-04
222,Donna,Price,rjuarez@gmail.com,156-985-6877x130,1941-12-31
223,Kayla,Rodriguez,davidmontgomery@davis.com,718.695.1317x142,2005-01-06
224,David,Mccullough,jillwarren@smith.com,+1-840-421-7042,1968-07-29
225,Regina,Moore,kaylafox@tyler.com,097.793.9435x864,1945-10-31
226,Kristen,Lopez,obailey@hicks.biz,986-623-1740,1955-12-11
227,Christopher,Garrett,brownnicole@hall.info,001-058-224-1231x9806,1950-07-29
228,Douglas,Cunningham,esmith@boone.info,3810950423,1960-07-05
229,Shannon,Pacheco,romerosheri@hotmail.com,(675)454-6974x96981,1973-06-30
230,Sharon,Frazier,tracycollins@harris-frey.com,242-397-3255x0284,2000-11-07
231,Christopher,Jones,vbrown@ross-irwin.net,(891)863-3622x99098,1962-11-11
232,Stephanie,Smith,susanmiranda@yahoo.com,507-148-0056x96907,1981-06-25
233,Jo,Gonzalez,gvang@garcia.com,681-335-6290,1962-01-20
234,Erin,Brown,millerbeverly@ramirez-fuentes.info,057-904-7960,1969-06-24
235,Carrie,Miller,erin40@gmail.com,733.581.0402,1990-09-22
236,Carol,Ross,kevin01@hernandez-garrett.com,(018)673-3633x3928,1948-11-23
237,Brian,Santos,murilloamanda@gmail.com,(343)807-1527x063,1964-08-14
238,Michael,Diaz,eric38@bush-hudson.com,767.465.0168x2552,2002-02-08
239,Sarah,Butler,joanna42@davis.net,647-227-9219x4947,1987-05-05
240,Andrea,Novak,smithsandra@yahoo.com,630.824.4167,1991-01-04
241,Ivan,Moss,megan13@smith.com,9122171838,1949-01-17
242,Sherry,Aguirre,dominique47@smith.com,992.984.1547,1990-05-05
243,Cheryl,Chang,jschroeder@hotmail.com,(935)743-1563x153,1949-12-17
244,Paul,Leonard,denise72@yahoo.com,(127)880-7353x3766,1971-10-14
245,Jessica,Smith,stephenmcdonald@merritt-harding.com,+1-408-567-0157x86577,1947-10-03
246,Gregory,Miller,michael88@gmail.com,6290680883,1990-11-09
247,Karen,Hunt,scottmegan@hotmail.com,001-237-937-0192x657,1964-03-02
248,Jennifer,Long,rparker@hotmail.com,010-048-8866x761,1968-10-14
249,Meghan,Ford,qcooper@gmail.com,001-622-805-0580x86932,1966-08-11
250,Jessica,Mullins,lawsonthomas@greene.com,763.291.4506x243,1942-08-05
251,Alan,Garcia,dpeterson@swanson-reese.com,+1-595-426-1725x75990,1987-04-05
252,Karina,Cunningham,hurstkathryn@yahoo.com,001-116-351-3203,1939-01-14
253,Timothy,Reed,toni52@dixon-schultz.org,333.242.0374,1964-07-08
254,Kiara,Lopez,michellenorris@thompson.net,091.318.5567x65614,1950-12-21
255,Kathy,Hernandez,andres47@yahoo.com,001-292-563-8119x58834,1934-11-03
256,Victoria,Baker,mary85@castillo.com,742-931-9204,1980-12-11
257,Stephanie,Macias,mark61@hotmail.com,(255)206-6998x397,1972-10-29
258,Rebecca,Harris,bushlee@hotmail.com,(044)044-6081x6375,1956-01-29
259,Tina,Davis,adamsthomas@yahoo.com,001-173-355-9769x887,1989-08-09
260,Jonathan,Torres,xbecker@miller-johnson.net,5188568402,1971-05-12
261,Ann,Kaiser,ddunn@gmail.com,131.085.7327x23947,1957-12-07
262,Mike,Williams,fernandezjoshua@yahoo.com,109.767.6857x7065,1953-02-10
263,Jason,Phillips,anthony29@yahoo.com,004-550-8739,1964-09-08
264,Andre,Miller,ereilly@salazar.org,509-716-7977x006,1948-01-24
265,Eric,Ruiz,littlebeth@hotmail.com,001-997-329-8347x380,2005-06-15
266,Dana,Lee,greerjessica@gmail.com,(715)289-2707x2139,1999-05-17
267,Juan,Wu,richardparker@yahoo.com,(874)946-4194x2842,1954-02-01
268,Danielle,Harris,scottpark@yahoo.com,(085)338-6702,2004-06-10
269,Keith,Thomas,bartonlogan@wallace-saunders.com,941-243-9883,1934-09-24
270,Joseph,Smith,solson@hotmail.com,614-182-3547x91338,1970-08-13
271,Katherine,Miller,wellsnicholas@yahoo.com,110-358-1599x853,1970-08-18
272,Kimberly,Cole,kristyoconnor@hotmail.com,+1-580-518-6168x7689,1961-07-21
273,Haley,Hawkins,harmonjason@rios.com,001-312-541-1352x22111,1984-10-05
274,Stacy,Johnson,gcox@martin-anderson.info,(884)325-5703x5371,1957-06-04
275,Lisa,Johnson,markboyd@jones-browning.net,(330)676-6997x20566,1973-03-13
276,Brandy,Wilson,alisha76@blankenship.info,892-089-8280,1944-09-01
277,Mindy,Anderson,davidalex@miller.com,394.309.2992x081,1945-05-15
278,Larry,Navarro,jason72@smith-carter.com,586.289.6615x89614,1934-05-12
279,Stephanie,Booth,lopezdwayne@yahoo.com,417.200.3932x29255,1958-02-02
280,Rebecca,Meyer,chasecarroll@henderson.com,+1-753-290-6285x280,1962-08-28
281,Johnny,Moore,alicia57@thomas-matthews.net,001-950-270-6176x716,2003-12-08
282,Angela,Dawson,clarkchristina@hotmail.com,203-577-4541x940,1965-12-30
283,Amanda,Cruz,gregory75@barber.net,(612)862-0551,1968-05-23
284,Sierra,Maldonado,rogergonzalez@hotmail.com,001-841-825-1598x1750,1957-03-03
285,Christine,Meza,tsalazar@turner.com,+1-284-703-4746x6778,1981-03-16
286,Tina,Thomas,watsondale@haley-baker.com,003-890-2731x262,1955-05-27
287,Charles,Diaz,kristigordon@hotmail.com,001-709-706-7435,1960-06-02
288,Kevin,Sims,dmoore@johnson.com,482-753-7709,1969-08-14
289,Nicole,Frye,marilyn29@gmail.com,798.610.8682x2861,1990-10-24
290,Daryl,Rodriguez,conwayelizabeth@yahoo.com,341.634.8176x9556,1985-04-25
291,John,Brown,omiller@smith-ross.net,877.934.0494,1975-03-30
292,Vincent,Roth,sophia72@gray.com,001-024-603-1445x635,1943-05-08
293,Christopher,Cooper,sshaw@snow-carter.biz,001-098-292-2608,1938-08-19
294,Michael,Warren,michael28@gomez.com,(310)769-1619,1986-09-02
295,Tiffany,Aguilar,tlee@pierce.com,542-828-9511x141,1970-08-03
296,William,Clark,nichole71@lee.info,6082995996,2006-01-24
297,Brian,Gardner,shane40@fisher-gallagher.com,119.838.4105x488,1952-06-27
298,William,Faulkner,christopherbridges@mitchell.com,(699)367-8322,2005-05-16
299,Wendy,Miller,curtisjeffery@hayden.net,+1-511-484-1098,1938-06-20
300,Samuel,Sparks,melissa07@hunter.net,677.426.7045x11051,1963-06-22
301,Melissa,Villegas,jimmy84@yahoo.com,533.078.4216x56819,1989-08-12
302,James,Franklin,meadowsjennifer@yahoo.com,(593)896-2446x510,1975-12-10
303,Maurice,Morse,dorisyoung@hotmail.com,+1-978-396-6841x537,1991-03-28
304,Lisa,Randolph,brianmaxwell@hotmail.com,(785)334-3790x35755,1962-07-22
305,Anita,Martinez,juliewilliams@aguilar.info,+1-716-380-9968x777,1989-04-28
306,Derek,Mcbride,qchung@hotmail.com,5169086324,1962-02-13
307,Sarah,Rodriguez,kathrynsmith@wright-avery.com,(294)242-9253x79872,1988-08-28
308,Christian,Williams,brian17@yahoo.com,(514)688-4982x2877,1984-09-29
309,Julie,Smith,malonejennifer@molina.com,(957)976-7833x45074,1947-10-31
310,James,Brown,whitneywilson@williams.biz,237-948-6623x462,1970-05-19
311,Kirsten,Gomez,figueroawillie@gmail.com,042.170.8476,1962-01-28
312,George,Rollins,danderson@gmail.com,+1-684-550-8229x31663,2006-02-21
313,Shari,Fletcher,amythompson@crawford.com,+1-826-372-3743x1782,1948-09-23
314,Darius,Smith,pweber@yahoo.com,(180)474-6222x68344,1941-02-16
315,Roberta,Mercado,erodriguez@gmail.com,035-918-3703,1989-05-18
316,Colleen,Silva,jenniferarnold@miller.com,4469128091,1973-08-29
317,Stephen,Petersen,robertyang@yahoo.com,+1-762-570-7370x0346,1933-09-22
318,Cynthia,Carter,hwilliams@yahoo.com,267.887.6505,1998-03-20
319,Joy,Archer,hensonsydney@yahoo.com,884.230.7560x6747,1937-03-02
320,Jeffrey,Ramirez,davidthornton@braun-alexander.com,+1-865-010-4996x100,1970-12-31
321,Lindsey,Martinez,bruceleonard@gmail.com,076.446.1095x95986,1976-02-10
322,Taylor,Miller,ktate@yahoo.com,+1-267-491-8099,1990-05-31
323,Debra,Green,hughesbrandon@griffin.com,494.546.6412x6089,1972-04-08
324,Tony,Young,estescolton@hatfield.com,(212)289-4957x0289,1959-01-11
325,Gabriella,Hawkins,elizabethmercer@yahoo.com,001-353-081-6480,1983-01-24
326,Jessica,Glass,wellsanthony@klein.com,341-088-0135,1988-12-26
327,Jason,Romero,shudson@norton.com,389.059.3170x120,2001-07-16
328,James,Johns,ndean@yahoo.com,(217)823-8848,1955-08-04
329,Alexander,Fox,amberadams@yahoo.com,066-390-9256x30274,2005-07-23
330,Melanie,Gonzalez,greenedylan@gmail.com,212-539-3298,1942-12-05
331,Erika,Best,brianfowler@gmail.com,1284042197,1957-04-05
332,Charles,Dennis,alex53@baker-schroeder.com,001-302-697-9146,1962-11-06
333,Patrick,Daniel,susanbowen@hotmail.com,9313414030,1936-05-11
334,Erin,Lindsey,peterlewis@young.org,2849509418,1981-06-09
335,Stacy,Rodriguez,hmorales@rodriguez.com,+1-095-587-8938x230,2000-06-30
336,Jessica,Dawson,jessica26@gmail.com,+1-266-610-1874x30412,1971-03-23
337,Kimberly,Murphy,nicholasterry@yahoo.com,(173)847-9682x72796,1969-01-20
338,Jessica,Hobbs,fguerra@stevenson.com,6762471563,1957-07-20
339,Anthony,Mason,hfrost@gmail.com,+1-303-856-7007x3522,1968-04-11
340,Joshua,Martin,rcook@yahoo.com,(746)890-0944x09447,1975-12-03
341,Lawrence,Henderson,jeremy39@yahoo.com,(552)325-7993x712,2003-03-09
342,Douglas,Johnson,barronjoseph@lara.com,9529679613,1991-03-01
343,Dana,Butler,eberry@yahoo.com,001-520-308-7098x50672,1955-03-16
344,Keith,Smith,chelseamacdonald@hotmail.com,572-919-0876,1971-05-24
345,Gabriel,Brewer,zstephens@yahoo.com,001-644-304-1768,1976-01-05
346,Melanie,Johnston,qmcknight@hotmail.com,793-788-2933x609,1962-02-25
347,Lynn,Brown,sharon88@moore-johnson.org,+1-746-859-4686x288,1966-09-03
348,Glenn,Russell,lsmith@yahoo.com,001-148-829-6446x816,1949-09-02
349,Angela,Gray,lharrington@hotmail.com,532.835.4013x807,1971-02-05
350,Chase,Roman,lopezmichael@armstrong.com,521-758-5625x67815,1949-02-22
351,Angela,Patterson,mark66@yahoo.com,977.165.9527x38265,1941-11-10
352,Krista,Cooper,rodney24@barber-clarke.com,+1-453-113-2095x7410,1951-03-28
353,Amanda,Clark,jflores@nelson.com,3631275001,1977-11-24
354,Brian,Chandler,michellescott@gmail.com,466-220-5377x970,1938-10-17
355,Kristin,Mendoza,brownpatricia@campbell.com,4430430037,1954-08-17
356,Glenda,Hughes,tayloranthony@gmail.com,238-994-1053,1960-12-10
357,Donna,Weaver,teresa13@hotmail.com,346.444.0711x5251,1985-12-01
358,Collin,Bright,teresa71@gmail.com,001-660-604-5431x5781,1998-06-11
359,Christopher,Hayden,michael48@sloan.biz,4554008004,1953-06-03
360,Kara,Thomas,cmorris@jones-baker.com,931.955.7309,1967-08-05
361,Jonathan,Bryant,michellefisher@shepherd-mcintyre.org,(197)884-3454x5888,1965-11-03
362,Andrew,Rosario,nicoledaniels@hotmail.com,(961)623-1212x4378,1976-11-26
363,Yolanda,Gonzalez,deborahhoward@pugh-graham.net,+1-783-744-9009x417,1987-05-02
364,Kelly,Moreno,bharrison@hotmail.com,511-582-5379,1992-11-12
365,Warren,Rose,tammygarcia@yahoo.com,(013)583-0759x01501,1966-10-06
366,Dorothy,Stewart,travisamanda@gmail.com,118-077-9848x0386,1987-09-12
367,Dennis,Frost,lauren46@cox-barker.net,(188)753-0938,1992-03-27
368,Glenda,Page,andrea42@flores-cobb.com,329.795.2308x4654,1942-03-24
369,Justin,Mitchell,whitebrian@yahoo.com,016.436.4620x729,1940-07-05
370,Dean,Allen,mclark@gmail.com,271-741-9002x546,1990-11-09
371,Justin,Anderson,taylorsmith@gmail.com,+1-439-158-6924x071,1962-07-29
372,Robert,Cole,kevinfox@chavez.org,+1-278-873-5028x152,1986-04-28
373,Debbie,Howe,xtaylor@fuller.com,001-809-817-8783,1999-03-05
374,Daniel,Rodriguez,adam64@walter.org,691-272-7000x26666,1997-12-27
375,Mark,Murray,rebecca62@wilkins.com,722-207-1150,1979-03-06
376,Michael,Wood,xwhitaker@yahoo.com,911.799.9538x245,1962-10-30
377,Melissa,Huffman,rodriguezfernando@zuniga-ritter.com,001-130-348-6700,1956-12-14
378,Stephanie,Duran,stephen97@steele.com,202.330.5526x41958,1970-05-15
379,Jonathan,Patton,daniel41@yahoo.com,(838)348-5509,1982-02-03
380,Diane,Myers,coreyblack@delacruz.com,(536)461-2054x988,2001-05-15
381,Danielle,White,ngreen@owen.com,858-503-3434,1996-08-05
382,Douglas,Smith,orodriguez@yahoo.com,(191)984-4104x51284,1992-09-21
383,Brandon,Stark,qkline@juarez.biz,293-189-1403x0015,1954-07-27
384,Jessica,Williams,maryflowers@yahoo.com,(680)319-2524x09293,1999-04-19
385,Tyler,Davis,richard16@miller.net,(739)914-1884,1942-05-01
386,Donna,Reid,donaldnguyen@yahoo.com,804-933-8858,1944-02-26
387,Gerald,Miller,halltyler@green.com,600.741.1417,1995-08-11
388,Lindsey,Hart,mcmahonthomas@gmail.com,2968741048,1950-07-20
389,Lawrence,Lang,shawkevin@brown.com,1615197059,1948-04-03
390,Katie,Long,jthornton@goodman.com,(895)659-1494,1970-10-31
391,Eric,Savage,kevinlong@gmail.com,4092861159,1954-07-25
392,Kathryn,Cabrera,sloanmariah@gmail.com,001-530-059-0028x615,1940-06-28
393,Dennis,Boyd,benjamin88@gmail.com,467.866.8058x302,1967-03-28
394,Matthew,Garrison,laura24@mccormick-robertson.org,(392)723-6794x26446,1999-08-25
395,Nicholas,Hurst,clarkedawn@vasquez-parks.org,(640)505-0925,2000-03-03
396,Brent,Fowler,gilbertcarrie@brown-wall.info,675-369-7410x963,1940-01-05
397,Kelly,Velez,matthewsbryan@gmail.com,001-067-680-2181x903,1992-05-13
398,Katie,Robinson,jasmine83@austin.com,+1-172-716-7638x1287,1958-01-05
399,Alan,Cross,davisbradley@gmail.com,(473)124-9209x426,1972-11-06
400,Drew,Berg,jason23@hardin-brown.com,072.430.5949x09354,1988-07-13
401,Timothy,Garcia,norr@coffey-yang.org,520-764-5709,1942-08-26
402,Cheryl,Lutz,evansderek@wells.com,577-714-1651,1996-10-12
403,Heather,Andrews,martinezpatrick@campos-sparks.com,+1-602-105-5471x2388,1998-06-12
404,Jessica,Madden,bvaldez@hotmail.com,002.503.1706x92560,1999-10-08
405,Dakota,Dickson,diane75@gmail.com,+1-523-379-8774x08487,1965-02-13
406,Lauren,Mora,cannonmelanie@gmail.com,+1-238-662-9714x7037,1986-03-07
407,Caroline,Simon,mfisher@gmail.com,553.248.4464x945,1979-12-28
408,Tina,Warren,gprice@yahoo.com,498-761-7061x2258,1947-03-01
409,Christopher,Brown,brenda45@moore-jordan.com,234-378-0848,1993-08-19
410,Casey,Garrett,becky73@wright.info,+1-125-066-4635x823,1991-06-14
411,Jennifer,Ramos,scott49@yahoo.com,271-514-7696,1935-05-29
412,Jonathon,Hoover,wendy73@boyer.com,(819)106-9601,1936-07-31
413,Eric,Weber,benjaminmartin@gmail.com,+1-470-672-2455,1935-10-01
414,Brent,Osborne,bbarr@campbell-phelps.net,788.111.4504x6669,1961-10-26
415,Colin,Taylor,qthomas@gmail.com,880.803.3733x2464,1959-12-27
416,Stephanie,Hunt,jamie88@larson.com,(066)900-6698x77433,1961-06-16
417,John,Morrow,elizabethday@stone.com,(838)879-2882x64389,1935-04-18
418,Caitlyn,Armstrong,antonio68@ross.biz,001-021-618-8104x63823,1994-09-17
419,Jacob,Jones,ray25@yahoo.com,475.995.2385x7625,1985-10-07
420,Jason,Rodriguez,shawnramirez@benson-morgan.info,+1-449-424-2517,1978-01-28
421,Andrew,Harrison,mstein@haynes.com,001-442-311-3802,1981-09-20
422,Robert,Wyatt,joshua67@gonzalez-pittman.com,989-837-1381,1942-01-06
423,Johnny,Gillespie,pereztroy@hotmail.com,001-735-648-4571,2006-01-27
424,Tina,Harper,wrightzachary@sullivan.org,(723)444-2602,1983-10-16
425,Michael,Clark,gina27@yahoo.com,001-734-844-8661x099,1976-12-01
426,Mercedes,Wright,pamela53@acosta.com,001-922-339-1267x547,1964-03-02
427,David,Howell,sharon34@gmail.com,762.358.8188x625,1994-09-04
428,Nicole,Lopez,jonathanmcconnell@aguirre-walker.com,1127801332,1981-11-05
429,Andrew,Bell,brittany49@williams.com,001-391-268-9803x9437,1940-07-23
430,Gregory,James,tonyhall@mendoza.biz,121-873-3208,1999-01-11
431,Kevin,Glass,zmurray@ward-thornton.com,(270)283-8850,1976-02-21
432,Penny,Thomas,johnsonkaren@blackwell-carpenter.com,(959)820-8940x07901,1993-08-07
433,Monica,Ellis,dennis33@yahoo.com,9997996545,1963-05-26
434,Nicholas,Lee,lauranewman@peterson.com,(173)745-0353,1975-03-04
435,Alexandra,Becker,dylan18@phillips.com,001-279-602-7030x0642,1936-08-27
436,Natalie,Abbott,johnsonandrew@hotmail.com,001-662-876-1270x540,1991-05-29
437,Kari,Lowery,whitemegan@hotmail.com,348.262.2310x7621,1992-09-28
438,Amber,Juarez,mahoneyjohn@gmail.com,852.649.1123x05839,1990-10-28
439,Gabriella,Haynes,john14@moore-moore.org,+1-395-751-2411x56405,1953-01-28
440,Jacob,Scott,courtney71@hicks.com,1588166459,1963-08-04
441,Bryan,Norris,michaelmartin@gmail.com,887.936.0155x2587,1933-10-01
442,Jason,Smith,johnmeyer@gmail.com,6660046571,1988-04-28
443,Heather,Campbell,melissaperez@hotmail.com,(482)906-5513x90561,1980-02-16
444,Daniel,Lawrence,hamiltonglenn@orr-johnson.com,(489)924-5127x4031,1935-11-17
445,Mark,Allen,escobarscott@olson-brady.biz,3998270843,2001-10-06
446,Jackie,West,ycolon@hotmail.com,(082)005-7010,1962-08-08
447,Elaine,Fleming,reyesrobert@gmail.com,001-471-864-7657x10018,1940-11-09
448,Veronica,Cooke,murphytracy@morrison.com,590-321-2471x335,1977-07-12
449,Barbara,Acosta,pwoods@yahoo.com,7871607708,1987-06-12
450,Joseph,Spears,vburns@hotmail.com,001-605-640-3326x2334,1964-12-20
451,Tyler,Scott,wrightjoseph@yahoo.com,001-746-990-8929,1952-12-20
452,Carol,Ross,whitejeffrey@clarke.com,001-625-686-6830,1952-10-23
453,Lisa,Chapman,amymatthews@macdonald.info,+1-097-961-7362x131,1997-07-14
454,Stephen,Meyers,qnguyen@williams.com,727.172.2970x81605,2004-08-29
455,Clayton,Salinas,collierkyle@yahoo.com,+1-530-762-7610x786,1994-05-26
456,Joshua,Thompson,robertsdiane@krause.com,781.710.6251x089,1968-11-24
457,Sarah,Parks,riosalyssa@hotmail.com,251.077.0786x7664,1983-12-03
458,Amanda,Jensen,joneskatherine@may.com,+1-070-473-9222,2000-03-03
459,Jamie,Parsons,zachary28@garrison.com,(385)817-9404x117,1949-07-10
460,Derek,Stevens,tammyfrost@donovan.com,+1-698-178-9584,1950-10-19
461,Briana,Knight,amanda49@hotmail.com,(708)065-1526x46005,1981-09-28
462,Gregory,Oliver,megan93@collins.com,449-912-3606,1947-10-13
463,Robert,Murray,xnguyen@gmail.com,(635)510-3268x1965,1965-05-27
464,Brian,Smith,wagnerrebecca@hotmail.com,+1-933-474-9382x3680,1940-08-03
465,Aaron,Lowe,browncarly@gmail.com,(947)560-0304,1953-01-11
466,Christopher,Harrison,terry88@watkins.com,+1-556-864-6919x6064,1965-02-28
467,Belinda,Braun,gibsonjason@chandler-klein.com,(243)150-7445x04008,1962-12-18
468,Keith,Chambers,pamela78@mercado.biz,1498754124,1975-05-17
469,Eric,Lopez,andrew98@yahoo.com,156.034.3196,1940-05-21
470,Benjamin,Anderson,lduncan@gmail.com,416-086-4070x15196,1997-02-14
471,Charles,Robinson,edwardwarren@taylor-daniels.com,(255)473-0709x77115,1964-04-22
472,Peter,Bennett,mellis@yahoo.com,757.268.3387,1994-01-22
473,Danny,Olson,ganderson@martin.com,646-299-0008x7755,2006-03-05
474,Charles,Mahoney,burgessaaron@yahoo.com,(470)525-3959,1947-01-01
475,Kenneth,Johnson,fordchristina@hotmail.com,844-513-0302,1957-03-21
476,Amanda,Smith,mooreshelly@taylor-gomez.com,632-885-7970x2328,1986-04-22
477,Perry,Wilson,kimtaylor@yahoo.com,+1-635-618-1764x77582,1944-06-25
478,Tina,Lee,yblack@yahoo.com,765-795-6001,1935-05-30
479,Katie,Thompson,aaronbullock@fry-wilson.com,794-611-8793x4754,1998-02-03
480,Penny,Clay,simsbryan@ballard-santos.com,(478)877-1153x425,2002-11-24
481,Nicholas,Wilson,kaylapope@paul-ashley.com,654.597.2227,1942-10-23
482,Sherry,Hensley,vharris@hotmail.com,(237)263-8521x57205,1958-01-15
483,David,Sherman,nathan50@hotmail.com,(267)991-8341x2346,1992-01-17
484,Charles,Hawkins,barbaralewis@brown.org,(280)079-3918,1947-02-23
485,Rhonda,Thomas,dawnaustin@wheeler.com,9495681318,1939-09-12
486,Julie,Martin,amanda54@garcia.com,166.163.0638x48801,1952-04-20
487,Dawn,Jackson,boydjesse@gonzales.com,095.769.2113,1943-12-30
488,Laura,Cooke,pgonzalez@gmail.com,532.403.0837,1939-03-24
489,Brian,Gray,freed@roman-cooper.com,001-064-534-5112,1938-09-12
490,Robert,Lee,riossusan@branch.com,106-221-4459x08716,1976-11-10
491,Sharon,Riddle,mccalldavid@yahoo.com,001-836-037-8481,1963-08-23
492,James,Medina,shamilton@hernandez-ibarra.com,001-914-782-7991x60525,1967-03-12
493,Tommy,Ferguson,eric28@yahoo.com,2655826972,1977-01-13
494,Jason,Barr,kathleengolden@brown-burch.com,(771)151-3725x021,1941-03-31
495,Jason,Waters,nboyd@yahoo.com,7045732230,1992-12-18
496,Robert,Bell,susan06@phillips.com,001-302-088-6176x34445,2003-07-16
497,Jennifer,Martin,boliver@thomas-sampson.info,+1-492-559-5993x3499,1969-04-04
498,Ashley,Grant,mwilliams@hotmail.com,135.286.9641,1962-05-09
499,Tyler,Miller,beckjulie@cameron.biz,590-559-1725x677,1975-05-02
500,Kristen,King,danielsmith@hotmail.com,497-976-0576,1977-09-12
501,Joel,Weaver,richardmoore@hayden-salazar.com,686-208-9565x815,1993-03-14
502,Jill,Morales,sheilamason@benton-prince.org,914.451.6186x43343,1950-03-10
503,Daniel,Conner,scott56@cox.org,7925134159,1943-02-06
504,Bobby,Frederick,katherine34@johnson-wood.com,001-212-103-1499x9743,1969-07-25
505,Corey,Harris,mitchellwilliam@martinez.net,+1-765-530-7282x79398,1945-03-20
506,Lauren,Stephenson,modonnell@wade.net,2562514675,1952-02-04
507,James,Lane,yscott@griffin-donaldson.com,+1-764-665-7823,1977-05-20
508,William,Holmes,crystal55@ross.com,001-177-839-4023x312,1943-10-21
509,Tonya,Day,daviseric@hotmail.com,332-833-1415,1954-08-15
510,Rachel,Flores,miashaw@gmail.com,063.609.5789x9455,1969-03-04
511,Brian,Phillips,millslori@hotmail.com,188-179-3961,1964-11-22
512,Jonathan,Medina,mstein@hotmail.com,(536)576-0268x556,1976-12-04
513,Mikayla,Fry,amanda99@gmail.com,(057)138-1306,1986-12-20
514,Gregory,Vincent,hopkinsanna@drake.com,+1-056-451-9389x94021,1970-03-12
515,Beth,Singh,qlee@yahoo.com,645-503-1498x126,1937-06-15
516,Ashley,Herrera,chapmanmegan@hotmail.com,822-817-7044x7577,1955-10-31
517,Randy,Pearson,carriemyers@yahoo.com,+1-862-979-4001x9469,1996-06-26
518,Stanley,Trevino,isabella84@gmail.com,+1-360-389-1869x519,1985-02-09
519,Ann,Diaz,pricemichelle@sims.com,001-284-736-4492,1968-08-31
520,Jennifer,Chen,meganscott@gmail.com,001-394-478-9611x27943,2000-10-15
521,Charles,Davidson,mcdanielluis@stephens-brown.com,875-367-6465x93079,2003-07-13
522,Shawn,Williams,lisafreeman@hotmail.com,001-589-775-0957,2003-12-14
523,Kendra,Morris,derrickdiaz@yahoo.com,+1-691-705-1845x0166,1938-12-07
524,Matthew,Smith,ronald71@yahoo.com,(132)704-3970,1980-06-17
525,Michael,Reed,rcole@hotmail.com,(621)635-6239,1994-10-17
526,Vanessa,Bradford,daniel43@anderson.com,+1-870-027-6767x7777,1970-06-26
527,Tami,Rowland,kjenkins@house.com,217-264-8157x783,1944-11-03
528,Kathy,Shaw,grossjeffrey@hotmail.com,369.512.0553,1987-12-28
529,Ronnie,Williams,youngmichael@hanson.com,+1-741-895-8492x191,2002-09-17
530,Francis,Richardson,melissawoods@green-lucas.com,452-250-5404x6636,2005-07-22
531,Melissa,Robertson,smithcourtney@harris.com,4668917173,1935-08-23
532,Christopher,Maldonado,nancy93@olson.com,127-279-4410x2442,1965-01-26
533,Erin,Hernandez,melissarussell@gmail.com,(278)401-6658x3175,1977-11-23
534,Laura,Williams,danielcynthia@fletcher.com,321.431.3200,1968-07-29
535,William,Mcdaniel,matthewswilliam@miller-garcia.org,+1-067-894-7767,1951-02-16
536,Robert,Martinez,adamadams@huerta-nelson.com,(451)732-1835,1976-05-13
537,Carmen,Poole,alison84@allen.com,(519)721-1971x9945,1961-12-18
538,Kristine,Noble,jessica96@gmail.com,535-397-1205,1960-10-17
539,Erica,Phillips,jennifermoses@bolton-wagner.net,+1-205-240-8240x3406,1999-05-02
540,Michelle,Moore,qanderson@silva.com,(215)944-1373,1971-04-11
541,Jeffery,Ellison,lauren36@yahoo.com,2001789359,1997-05-01
542,Martin,Warner,olewis@rios-bennett.com,(475)520-9792x961,1993-11-08
543,Zachary,Zimmerman,diazdeborah@woods.com,(717)002-7158x65877,1934-08-25
544,Sara,Ferrell,jennifer50@graham-obrien.org,(715)756-0808,2004-10-12
545,Benjamin,Phillips,kevin76@collins-jones.biz,841.300.8247,2005-10-23
546,Erica,Mendez,jenna54@watts-zuniga.com,095-949-6479x53560,1947-06-03
547,Sharon,Warner,angela52@yahoo.com,001-128-476-2595x789,1990-03-07
548,Daniel,Newton,jessica02@knapp.com,(324)310-5411x49677,1957-06-07
549,Gloria,Becker,wphillips@white-smith.net,(031)577-6800,2005-07-10
550,Gabriel,Rhodes,veronica23@sims.org,231-630-7313,1966-01-18
551,Linda,Tucker,alyssadavidson@olson-giles.com,(247)266-4547x5127,2005-08-15
552,Brooke,Wright,mauricekirk@miles-brown.com,549-353-9076x60848,1960-04-25
553,Anthony,Jones,hfreeman@morgan.biz,100-676-4118x692,1993-04-24
554,John,Hunter,jaclynwilliams@tanner.com,+1-458-275-3083,1943-06-07
555,Stephen,Campbell,shawnjones@brown.org,9535737268,1982-07-07
556,Carrie,Johnson,mistylloyd@yahoo.com,314.080.2323,1990-03-07
557,Steven,Johnson,donnagallagher@yahoo.com,001-303-687-6222x1839,1990-09-02
558,Kimberly,Reid,hmoore@giles.info,846-095-8035,1946-05-23
559,Brittany,Young,wsandoval@gmail.com,(119)558-3009x560,1942-06-30
560,Jonathan,Garcia,anne24@allen.com,936.932.5799x0305,1989-03-04
561,Alex,Yu,katherinemclean@gordon.com,128-944-0849,1979-09-27
562,Jesse,Blankenship,smithteresa@gmail.com,001-402-677-7921x394,1953-06-25
563,Christina,Miller,lmccoy@williams.com,551-122-7031,1991-05-17
564,Cory,Rogers,elizabethbyrd@buchanan.org,500.913.1319,1967-02-11
565,Shane,Salinas,bradleydavis@hotmail.com,+1-943-254-5365x2319,1935-11-05
566,Henry,Reyes,aguilarrodney@willis.com,001-484-397-1608x8373,1966-01-16
567,Brooke,Middleton,dixonelizabeth@robinson-moore.info,668-914-1776x7203,1959-12-28
568,Aaron,Foster,fchapman@yates.com,2405355989,1937-05-14
569,Amber,Payne,barbarabender@gmail.com,(888)006-9908x8306,1993-05-22
570,David,Bowers,tclark@friedman.net,(208)785-2051x23264,1953-01-03
571,Shelby,Trevino,randyrobinson@smith.com,+1-748-093-4744x056,1987-02-23
572,Brenda,Jackson,russellmichael@hotmail.com,+1-230-860-4300,1941-10-19
573,Michelle,Flores,julia45@yahoo.com,900-853-0024,1994-08-03
574,Michael,Johnson,jhowell@gmail.com,(649)427-4535,1964-08-02
575,Christopher,Frank,kevin43@gmail.com,(353)493-5990x34232,1989-03-26
576,Robin,Garcia,cynthiamata@barnes.com,(216)937-4240x868,1934-03-31
577,Sara,Becker,shelleypayne@hernandez.biz,580.285.4068,1939-09-20
578,Albert,Jenkins,ashley11@baker.net,3960691061,1938-01-26
579,Victoria,Chapman,richardsonantonio@huff.com,515-796-3801x697,1980-03-06
580,Cameron,Harris,gallaghersarah@gmail.com,001-573-666-3571,1983-12-23
581,Tammy,Sullivan,andersonanthony@johnston.com,(416)980-6967x159,1943-01-31
582,Catherine,Alvarez,deborahsolis@gmail.com,536-114-2888x92452,1979-04-09
583,Bryan,Davis,elizabethmartinez@juarez.com,(637)262-0879x2991,1941-04-19
584,Brenda,Stewart,lorraine72@taylor.org,169-591-6931,1967-04-02
585,Marcus,Johnson,contrerasjesus@gmail.com,(074)107-2203,1954-01-03
586,Tamara,Benjamin,bonillathomas@hotmail.com,784-829-0558,1967-11-27
587,Robert,Williams,kelseyellis@hotmail.com,+1-073-637-9631x3346,1955-03-17
588,Jonathan,Armstrong,mbrewer@gmail.com,(014)819-3722x84609,2004-07-01
589,Tony,Ross,benjamin06@price.com,192.051.8985x5611,1935-08-13
590,Linda,Smith,ekelly@hotmail.com,957-732-1739,2004-01-02
591,Jennifer,Murray,pamelajones@hotmail.com,417-311-6830x027,1952-03-25
592,Melissa,Hoover,saragreen@williams.com,(743)822-1442,1976-01-23
593,Donald,Gonzalez,scottpamela@yahoo.com,001-647-629-0105x29452,1944-02-24
594,Ariel,Castro,bennettchristopher@hotmail.com,+1-234-701-5095x1123,1953-01-15
595,Robert,Galvan,rscott@ferguson.com,571-395-7573x7609,1984-03-29
596,Teresa,Martin,rodney93@ortiz-price.com,408.392.5482x9338,1977-07-10
597,Darren,Villa,srice@williams-moody.biz,001-463-463-2269x5206,1957-01-09
598,William,Carr,kmartinez@vincent-olson.org,001-567-201-8702x0417,1960-08-27
599,Peter,Evans,mollydougherty@holmes-murphy.info,517.832.0418x9843,1984-01-21
600,Emily,Rivera,djackson@vasquez-jones.net,495-154-0617,1987-01-26
601,Jacob,Roberts,angela23@gmail.com,637.883.5270,1979-12-25
602,Shelby,Williams,bryanblackwell@finley.biz,211.444.0845x910,2004-08-19
603,Michael,Page,qbrown@hernandez-miller.net,(995)558-5657,1995-10-25
604,Jonathan,Martin,lydiajames@yahoo.com,+1-398-810-2432,1972-04-07
605,Amanda,Davis,ruizdonald@velez.com,(646)251-4010x5490,1979-01-06
606,Katelyn,Hammond,bfoster@hotmail.com,001-585-979-9381x490,1943-06-21
607,Stacey,Jones,kbuck@gmail.com,+1-540-739-4006x49683,1987-07-09
608,Edward,Brown,haydenlee@yahoo.com,328.536.5717x24800,1994-10-28
609,George,Bowman,alexander20@thomas-barrett.com,001-761-340-6371x8517,1942-03-04
610,William,Barker,hannah99@ryan.com,389-289-6310x1099,1955-05-18
611,Richard,Jones,richard89@rodgers.com,613-168-3882x614,1941-02-15
612,Terri,Riley,hbrown@gmail.com,036.308.8522x0670,1974-02-09
613,Rebecca,Joyce,martinezjesse@yahoo.com,+1-032-699-0388x8712,1989-07-26
614,Emily,Malone,donaldelliott@cline.com,931.269.2876,2001-10-07
615,Anne,Moreno,ashleyhatfield@yahoo.com,+1-372-942-3706x3499,1983-04-19
616,Katrina,Castillo,vwalton@bennett.com,+1-558-961-5646x9282,1963-05-13
617,Veronica,Stewart,sanfordtonya@brown.com,+1-861-436-7727x71937,1998-05-02
618,Hannah,Barry,westjohn@hotmail.com,+1-730-605-0372x51395,1948-06-27
619,Darlene,Melton,acampbell@whitaker.biz,098-027-1235x1080,1939-10-02
620,Scott,Kent,eduardo07@gmail.com,001-513-742-6242,1983-09-12
621,Peter,Hernandez,ghernandez@sherman.com,+1-737-128-7296x675,1999-03-07
622,Kenneth,Zavala,dawsontimothy@pena.info,0290213455,1998-05-17
623,Regina,Santos,ortizerin@gmail.com,537.595.4561x594,1984-04-04
624,Traci,Ramos,carol78@ramsey.com,954-559-0483,2002-09-22
625,Timothy,Raymond,georgepatricia@williams.com,+1-774-830-0339x75129,1962-07-11
626,Amber,Finley,amber82@hotmail.com,001-926-916-2288x7762,1977-02-15
627,Joseph,Powell,gilbertlauren@crawford.info,974-066-8086x3641,1989-06-06
628,Melissa,Romero,arnoldkimberly@sullivan.biz,001-537-368-8882x28142,1971-03-12
629,Traci,Diaz,jessicaturner@clark-cox.biz,826.219.9620x789,1980-02-04
630,Wesley,Cisneros,rperez@torres.info,255.869.0189,1954-03-25
631,Robert,Thomas,timothy81@roberts.com,001-748-067-4363,1948-03-26
632,Kayla,Young,kcasey@simpson.biz,001-670-121-0634x1625,1987-02-10
633,Johnny,Gomez,rwoodard@alvarez.org,+1-669-492-3287x8040,1973-10-27
634,Emily,Long,katherine39@haley.com,809.801.7231,1979-11-02
635,Christina,Quinn,joshuagriffith@hotmail.com,001-952-443-1989,1952-10-10
636,Frank,Jones,kelly37@clarke.com,528-937-7966,2003-12-19
637,Crystal,Mitchell,xfleming@yahoo.com,(754)885-1692,1958-03-05
638,Nicholas,Marsh,alexis21@dorsey.biz,557.051.5987x540,1986-02-18
639,Carrie,Shaw,ambermaddox@yahoo.com,(014)497-0245x002,1937-06-18
640,Brandy,Blankenship,katelynschwartz@adams.org,(442)012-3077,1939-11-01
641,Catherine,Brewer,yrodriguez@abbott.net,976-339-8895x71244,1970-07-05
642,Cynthia,Cruz,ddavis@ruiz.com,328.514.8176x689,1968-03-04
643,Edward,Gibson,jamescurtis@hotmail.com,238-929-8076,1956-09-01
644,Larry,Hall,jo57@yahoo.com,095.084.3536x648,1967-01-30
645,Andre,Hernandez,lisa69@wyatt-stone.com,294-807-0227,1995-09-27
646,Benjamin,Martinez,zachary36@yahoo.com,001-728-838-8741x37837,1947-05-04
647,Victoria,Wong,kevin26@bowen-bryant.com,105.750.7694,2005-12-10
648,Julie,Hansen,aharrington@hotmail.com,001-705-694-9381x563,1991-06-21
649,Samantha,Moyer,gonzalezgary@gmail.com,+1-203-175-6828x2725,1997-07-04
650,Kelly,Harris,tiffanybishop@rivers.com,001-805-903-9320x59255,1955-02-12
651,Erica,Baird,jacqueline97@yahoo.com,001-661-564-1106x8831,1992-02-01
652,Mary,Banks,progers@yahoo.com,950.079.9106,1950-01-23
653,Todd,Vaughn,william98@peters.net,760-883-5088x32401,1990-05-29
654,Susan,Hawkins,wanderson@scott.net,001-527-282-4044x188,2006-04-17
655,Michael,Townsend,donaldstokes@gmail.com,562-735-6513x8860,1950-05-18
656,Ashley,Owen,douglasbradford@gmail.com,201-432-4359,1936-01-02
657,Christopher,Hanson,mitchelldenise@hotmail.com,001-124-036-6981,1952-06-01
658,Nicole,Petty,mpugh@mcdonald.com,021-035-2161,1951-10-21
659,Benjamin,Lewis,ismith@snyder.net,(439)914-1568,1986-12-01
660,Tammy,Smith,jonesamy@cochran.com,038-028-9238,1958-09-28
661,Kathy,Peters,heather04@watts.com,(072)641-4238x626,1936-10-17
662,Melvin,Murray,tristan66@wells.com,001-330-031-6106x95071,1985-05-02
663,Angela,Lang,jamestaylor@yahoo.com,869.143.5323x610,1954-08-10
664,Denise,Keller,vtaylor@gmail.com,(070)648-6844,1941-06-20
665,Philip,Baker,lauren31@wade.biz,+1-143-817-6432x213,1941-05-10
666,Clinton,Burns,lisa84@garcia.com,+1-073-288-4169x741,1941-07-17
667,Jessica,King,matthewbailey@white-dougherty.com,001-542-252-3289x316,1998-11-16
668,Troy,Gordon,jonathanbaldwin@yahoo.com,296.996.3350x818,1942-07-01
669,Sarah,Baker,tandrews@yahoo.com,+1-893-963-1234x27538,1966-01-25
670,Logan,Smith,ggarcia@hotmail.com,537-527-1062x810,1988-01-24
671,Kevin,Rodriguez,nlopez@andrews.info,+1-307-880-2944x9981,1978-10-20
672,Trevor,Dalton,zyoung@jacobs.info,992-637-7219x4563,1941-05-21
673,Jeffrey,Morgan,gbeck@hotmail.com,7514630634,1939-05-21
674,James,Parker,reginajoseph@murray-myers.com,+1-977-974-9754x518,1971-02-23
675,Thomas,Park,cantukenneth@martin-jones.com,001-296-069-7829,1982-11-14
676,Melinda,Bryant,charlessimon@burns.com,001-650-989-2852x20220,1937-11-23
677,Jessica,Patterson,brhodes@marshall.com,440-264-9987x499,1994-01-05
678,Barbara,Hansen,karengarcia@jackson.com,+1-301-735-7876x60185,1939-03-20
679,Marie,Hall,christiemartinez@gmail.com,001-409-495-2206x36349,1972-11-01
680,Cheryl,Smith,tiffanyjackson@vasquez.biz,(743)361-9431x77966,2005-12-12
681,Amber,Hansen,fbarrett@nichols-ramos.com,(025)215-6441,1997-09-29
682,Shannon,House,floresvictoria@hotmail.com,(267)175-1710x263,1964-01-04
683,Tabitha,Stone,brianlawrence@yahoo.com,4073649478,1993-08-10
684,Kristie,Adams,nklein@scott-powers.net,001-147-152-3612x76314,1955-07-12
685,Bobby,Lopez,kristina66@sanders.com,001-814-536-2068,1998-02-18
686,Sherri,Simmons,kristin96@wilson-dillon.biz,548-479-4687,1948-08-03
687,Tabitha,Parks,michelemontoya@gmail.com,+1-756-123-2374x496,1970-08-05
688,Laura,Gonzalez,cannonalbert@scott-roberts.com,4757143454,1989-08-02
689,Timothy,Ross,smithkendra@yahoo.com,+1-019-492-9705x8188,1959-12-30
690,Samantha,Walton,beth72@hotmail.com,(797)134-2375x4939,1954-03-15
691,Matthew,Combs,friedmantravis@smith.com,670-791-2646,1959-08-28
692,Stephanie,Tanner,vmiller@hotmail.com,001-532-809-6920x306,1977-05-10
693,Caleb,Adams,kayla68@hotmail.com,7211016940,1969-04-09
694,Alexis,Prince,ztaylor@gmail.com,+1-610-192-5500,1947-10-07
695,Jonathan,Koch,susanhall@castillo-thomas.com,001-081-525-9275x35246,1955-04-23
696,Victoria,Moore,hhuynh@hotmail.com,291.262.8843x908,1946-11-24
697,Jill,Larson,meganlewis@garcia-wilkinson.com,(818)158-4515,1999-12-17
698,Debra,Harrison,michael27@gmail.com,768.907.5993,1942-04-13
699,Abigail,Barnett,mlucas@park.org,041-612-3549,1994-12-08
700,Robert,Nguyen,miranda63@yahoo.com,(157)992-5959x94486,1961-05-22
701,Deanna,King,leonard26@williams.info,(598)856-0907,1944-03-11
702,William,Stephens,rachelmcgee@yahoo.com,551.873.6563x90671,1968-02-13
703,George,Barron,brian50@gmail.com,5549361694,1988-02-26
704,Tara,Wood,brandon29@marks.com,043.357.3518,1958-11-24
705,Michael,Moreno,jacob58@gmail.com,(995)119-5773x8472,1996-09-12
706,Kelly,Olson,danielle87@hotmail.com,677-396-4116,1974-02-13
707,Nancy,Barrera,charles62@ross.com,373-664-4209,1963-05-13
708,Derrick,Gray,clarkmichele@hotmail.com,(195)712-8216x8098,1947-02-14
709,Kristen,Carson,walkerleonard@blair-russell.info,001-779-643-7351,1968-05-18
710,Cameron,Coffey,zlewis@norman.biz,001-521-571-7879x5542,1944-11-21
711,Erin,Thompson,danielle46@mcknight.com,610.933.4548x5097,1962-07-12
712,Sharon,Smith,nashcarlos@ware.com,632-620-6683x0257,1990-06-06
713,Keith,Levine,thomasdavis@young-martinez.biz,222-542-7279,1993-10-18
714,Karen,Jackson,graycrystal@pearson-chandler.com,001-547-977-7907x320,1941-08-10
715,John,Carter,aberry@simpson-johnson.net,+1-335-802-0557x5697,1959-12-07
716,Joshua,Pope,andrewjones@nelson.com,139.851.3471,1967-10-28
717,Kristi,Patel,austinrussell@gmail.com,001-383-456-6262,1951-07-02
718,Erika,Cox,miguelgoodman@payne.com,+1-914-698-8493x296,1935-05-16
719,Renee,Wolfe,tammy03@henderson-butler.com,+1-902-945-0984x2430,1956-07-03
720,Robert,Baird,sheila86@gmail.com,(395)446-2405,1950-05-10
721,Brittany,Yang,jessicahobbs@fitzgerald.com,+1-672-616-6031x252,1997-04-11
722,Mandy,Arnold,ramirezdawn@hotmail.com,(436)979-5692x57738,1974-02-03
723,Kendra,Holt,melissa98@burns.biz,+1-166-585-1295x9231,1983-11-10
724,Kathleen,Howard,wendyhanson@foster.com,426-941-8703x8472,1976-07-18
725,Monica,Rogers,richarddurham@gmail.com,001-576-606-5927x721,1939-11-14
726,Alexander,Bell,vlee@cruz-wise.com,734.044.0523x133,1967-05-28
727,Samuel,Nelson,wellsnicole@gmail.com,827-875-1423,2000-09-13
728,John,Brown,mario38@hancock.org,245-905-0140x742,1950-04-22
729,Jared,Brennan,egould@fitzgerald-ward.org,+1-226-956-0866,1979-12-21
730,Chad,Monroe,steven32@butler.com,+1-780-270-5451x140,1960-05-26
731,Ashley,Dalton,igomez@wilson.biz,(875)784-7442x990,1944-12-24
732,Jerry,Mcmahon,alyssa13@gmail.com,886.816.4472,1981-05-15
733,Daniel,Sandoval,lindsey89@schneider.com,792.323.5006,2000-06-06
734,Sharon,Ward,meyerdana@yahoo.com,(727)586-0592,1958-02-08
735,Robert,Jones,raymondbarnes@freeman.net,553.129.7098x977,1952-09-01
736,Alexis,Wood,andersonjasmine@woods.com,388-512-6899x5657,1981-06-08
737,Andrew,Peterson,jfitzgerald@newman.com,056.195.8115x380,1956-06-09
738,Robin,Hill,pamelabuck@gmail.com,+1-760-817-9176x143,1964-10-22
739,Joshua,Clark,james98@hotmail.com,019.159.4134x57014,1941-12-24
740,Brittany,Cunningham,kristin37@yahoo.com,633-910-1409,1984-04-17
741,Krista,Holden,gibbscaitlin@yahoo.com,001-226-868-9383x914,1994-10-08
742,Christopher,Ruiz,rshaffer@douglas.com,263-964-0871x262,1947-04-28
743,Gregg,Price,njohnson@brooks-garner.info,(624)057-5961x980,1956-02-07
744,Tamara,Crane,jamesmcneil@gmail.com,031.271.3317x47433,1944-10-22
745,Daniel,Curry,ybaker@flores.com,+1-832-250-3404,2004-11-20
746,Heather,Hicks,rodriguezrichard@gmail.com,(664)159-5483x2747,1965-01-20
747,James,Hopkins,garciamichael@yahoo.com,(311)739-7983,1989-09-08
748,Brian,Nguyen,brianberry@bruce.net,001-796-522-7117x912,1988-06-24
749,Brenda,Herrera,ljohnson@dawson.com,(642)034-4543x62931,1973-09-22
750,Luke,Moore,christine03@yahoo.com,(867)420-2884x014,1938-10-31
751,Tracey,Moore,rrodriguez@yahoo.com,510-074-7655x1016,1955-10-27
752,Melanie,Hernandez,kayla33@evans-morgan.net,227-398-3725,1987-04-08
753,Danielle,Pace,erika98@gmail.com,+1-796-744-7411x2955,1975-05-04
754,Jared,Thompson,villanuevabrianna@blackburn-freeman.com,001-790-310-2686x530,1971-11-17
755,Sarah,Kim,bvelasquez@gmail.com,001-872-059-0794x5493,1947-07-07
756,Kimberly,Romero,williamserika@adams.com,551-858-8130x8187,1998-02-23
757,Elizabeth,Mayer,mwashington@williams.com,+1-693-306-5123x99754,1958-11-19
758,Marcus,King,kimberlybryant@yahoo.com,554.394.5603x2649,1990-06-30
759,Cody,Myers,michelle51@gmail.com,573-121-7108x68231,1974-01-26
760,Jamie,Walker,jill62@gardner.com,+1-868-555-1248,2005-04-24
761,Steven,Cunningham,jamesstephen@rollins-taylor.com,+1-921-729-3484,1982-07-27
762,Joseph,Crawford,kmarshall@chapman-franco.com,(498)103-3795x7330,1978-12-08
763,David,Werner,scooper@jenkins-johnson.info,+1-546-954-3568x607,1934-06-06
764,Hunter,Foster,fcooper@hotmail.com,(471)642-6318x080,2006-01-07
765,Tiffany,Davis,toddkrista@richardson.biz,242-061-5421,1998-04-07
766,Kyle,Evans,robin83@gmail.com,+1-334-493-2285x124,1971-05-21
767,Patricia,Ortega,thomas44@barnes.net,001-736-722-0919x196,1987-05-30
768,Valerie,Freeman,mcmillantravis@burke.info,(485)762-4286x04195,1959-12-29
769,Brandon,Warren,rreyes@hotmail.com,+1-457-167-4234x7281,1940-03-28
770,Jacob,Jacobs,daniel27@gmail.com,(631)365-2326x20387,1971-12-31
771,Jason,Cardenas,eric06@casey-tucker.com,(015)288-8808,1995-02-07
772,Nicholas,Solomon,matthew53@yahoo.com,253-587-1950x92606,1980-02-06
773,Brittany,Cruz,jkim@gmail.com,(343)039-8466x30766,1979-10-18
774,Justin,Howell,paul65@hotmail.com,892.033.8801x776,1956-05-31
775,David,Mcpherson,jacobfriedman@hawkins.info,(373)874-5538x4221,1949-08-08
776,Adam,Yates,matthew97@stevens.com,522-082-3479x224,1976-03-31
777,Douglas,Roberts,francisalvarez@hayes-ryan.info,(385)212-0702,2000-02-11
778,Daniel,Russell,chasefisher@huff-martinez.net,728-629-5109x69683,1934-12-31
779,Marcus,Scott,victoriapreston@gmail.com,001-816-874-0058,2003-08-30
780,Russell,Hill,darrellsmith@yahoo.com,001-809-406-1892x979,1942-02-13
781,Andrea,Stanley,michael65@ryan.com,001-632-219-2854x61748,1938-06-08
782,Jamie,Morrison,leelopez@hardy-griffith.com,(266)269-6791,1999-07-19
783,Joseph,Smith,wolfejanet@gmail.com,057-643-8745x820,1965-03-17
784,Marie,Martin,danielmartinez@elliott.com,675-532-8027x825,1973-11-09
785,Heather,Gomez,lopezrodney@gmail.com,668.043.5780,1953-11-20
786,Nathan,Nichols,csullivan@sharp-anderson.com,(202)119-4752,1938-12-05
787,Anthony,Bolton,katherine00@young.biz,+1-659-874-8769x728,1977-05-08
788,John,Kent,amy42@yahoo.com,001-459-270-1237x54010,1986-08-06
789,Breanna,Smith,carol32@jones-anderson.com,230.767.7596x1040,1946-09-05
790,Kelsey,White,turnerjoshua@yahoo.com,008.309.5104x6986,1973-02-10
791,Donna,Moss,thomasmckinney@gmail.com,001-202-403-4300x38344,1986-09-27
792,Aaron,Brown,msandoval@miller-schwartz.com,001-761-237-0908x3383,1934-06-24
793,Theresa,Merritt,rtaylor@gmail.com,951-016-2263x44798,1945-01-11
794,Heather,Williams,baxterdarren@hernandez-ramirez.org,001-993-850-0676x36138,1967-01-02
795,Corey,Jackson,brendaking@farmer-griffin.com,+1-742-859-6110,1980-06-07
796,Randy,Montoya,ctaylor@hotmail.com,642-782-8249,1955-08-05
797,Erin,Nicholson,icastillo@pace.org,+1-000-634-2219x3404,1935-01-30
798,Bonnie,Walsh,dsandoval@moss.com,251-498-9650,2003-12-10
799,Mary,Brown,garnold@gibson.com,(726)417-9466,1958-12-26
800,Timothy,Graham,garciarobert@hotmail.com,+1-922-997-9652x08556,1957-04-14
801,Ryan,Willis,carrollelizabeth@yahoo.com,(361)718-2831x08069,1980-12-11
802,Joseph,Hernandez,chad89@sims.com,348.327.6129,1952-02-27
803,Jose,Raymond,fitzgeraldfrank@gmail.com,+1-562-490-1292x4801,1989-12-20
804,Sarah,Miller,jamesbarnes@gmail.com,857.272.2826,1989-03-31
805,Jamie,Wilson,laura10@smith.biz,(604)993-9877,1973-04-15
806,Erin,Garcia,grimescarlos@pratt.com,1991633394,1939-06-03
807,Aaron,Jensen,chelseawilson@mccann-hunt.com,+1-263-422-0679x580,1952-11-03
808,James,Martinez,sharoncontreras@yahoo.com,057.974.8286x3034,1953-04-05
809,Leslie,Mitchell,devincunningham@rodriguez.com,039-536-4417x934,1992-12-27
810,Daniel,Hall,dawnosborne@yahoo.com,179-238-0880x70977,1996-12-28
811,Katrina,Davis,keith68@long.com,765.781.3919x0089,1967-05-28
812,Melanie,Hall,ahall@moss.com,483-249-8915,1955-11-27
813,Mark,Gregory,morgan22@gmail.com,+1-427-480-5940,1973-02-14
814,Michael,Scott,kevinbrown@cannon.com,133-098-2286,1952-09-11
815,Maria,Rowe,leahmills@gmail.com,001-830-448-2545x691,1959-05-16
816,David,Munoz,wgarcia@gmail.com,001-939-307-8122x62241,1948-05-02
817,Gary,Gray,jonesamber@yahoo.com,+1-514-116-4541x9950,1939-02-28
818,Christopher,Hernandez,jayclark@walter.com,5897289778,1976-01-18
819,Victoria,Ford,powelllaura@rogers.biz,122.560.9342x3699,1961-03-08
820,Amanda,Bates,daltonrita@carter-daniels.com,150-941-9816x77976,1981-01-28
821,James,Benson,coryolsen@hotmail.com,+1-954-236-9703x47229,1976-12-19
822,Mary,Watts,sholmes@gmail.com,662-357-8190,1998-09-25
823,Michelle,Hernandez,laurie77@flynn.org,(538)552-7998,1965-05-03
824,Adam,Hoffman,bmoody@gmail.com,(191)044-2348,1949-04-01
825,Scott,Holloway,sarahnovak@gmail.com,9205193313,2005-03-08
826,Joshua,King,danielkirby@hotmail.com,+1-726-489-6862,1999-03-08
827,Kathy,Willis,hamiltonjennifer@beck.com,303-734-4912,1934-11-07
828,Brandon,Armstrong,evansdavid@yahoo.com,935-861-0848x603,1945-01-29
829,Jonathan,Oneal,taradavis@hotmail.com,956-753-7578x366,1982-05-16
830,Nicole,Strickland,iadams@estrada-price.com,+1-535-310-9068x87602,1955-02-14
831,John,Barker,marilyngray@robinson.com,+1-753-862-0806x634,1940-06-11
832,Stacey,Kelly,bjohnson@hernandez.com,577.023.7017x6559,1936-07-02
833,Michelle,Howe,sharon48@harris.org,627.494.5299,1955-06-14
834,Melissa,Gray,valdeztina@sanders.com,001-160-183-3329x75212,1961-07-15
835,Jessica,Allen,anthony96@gmail.com,001-422-710-2225x284,2003-09-07
836,April,Hughes,diana69@hotmail.com,(112)743-3327,1984-07-25
837,Tony,Flores,codywalker@west.net,488.728.1839x4912,2000-10-31
838,Theresa,Hill,debragomez@russo-taylor.com,001-472-652-7285x2680,1963-01-06
839,Mary,Mueller,jessica61@henderson.com,627-353-6890x1314,1970-04-24
840,Jonathan,Hayes,nelsonlisa@allen.net,(192)517-9727x895,1949-08-27
841,Megan,Davis,brendashort@gmail.com,460.984.7495,1968-08-24
842,Audrey,Robertson,rmartinez@yahoo.com,+1-843-656-9034x762,1989-01-17
843,Wanda,Blankenship,christinajohnson@hotmail.com,+1-503-833-7418x8289,1961-11-27
844,Michael,Jones,nwhite@jimenez.com,(536)910-0216,1975-07-14
845,Elizabeth,Black,briannasmith@jones.org,992.700.6703x2685,1957-02-02
846,James,Baker,robertlee@stewart.info,+1-631-067-3368,1962-09-12
847,Jacob,Pena,sabrinamontgomery@thompson-bauer.com,7326806470,1992-05-22
848,Justin,Fernandez,justin81@gmail.com,760.102.3042x8864,1948-08-27
849,Theresa,Mack,plove@mays.org,150-771-6639x34719,1939-11-28
850,Katherine,Bennett,margaret02@yahoo.com,796.445.9308x3355,1973-11-21
851,William,Vaughn,donna73@yahoo.com,1234177541,2006-07-14
852,Lee,Rasmussen,brandonbrown@yahoo.com,629-396-5384,1961-05-15
853,Nathan,Barr,manninglinda@yahoo.com,+1-226-619-3691x083,1990-03-24
854,Daniel,Thomas,jesse53@yahoo.com,001-944-760-7570,1934-06-06
855,Robert,Moreno,joycegonzales@jones.com,(907)415-5486x42833,1976-05-10
856,Scott,Bryant,romeromichael@gmail.com,001-759-516-0629x490,1939-02-06
857,Carol,Robertson,donnakelley@yahoo.com,751.287.2004x6819,1987-06-23
858,Julie,Maxwell,jamie50@henderson-gibson.com,+1-087-923-8070x20988,1939-04-29
859,Michael,Walker,perrygarrett@gmail.com,+1-253-700-6917x464,1963-07-17
860,Brett,Martin,sheila06@murphy.net,(069)382-0473x955,1938-11-17
861,Tony,Myers,bakerbilly@hotmail.com,771.044.0199x6892,1973-09-15
862,Richard,Hayes,brittany19@hotmail.com,001-484-147-2508,2003-03-04
863,Jennifer,Chen,sandratucker@gmail.com,083.723.6003x3085,1946-05-09
864,Jose,Mitchell,andersonjohn@yahoo.com,+1-757-133-7115x5760,1961-01-15
865,Brenda,Martinez,smcgee@smith.com,0448136325,1935-10-28
866,Jennifer,Carter,mbowman@douglas-brown.com,(806)735-9456x046,1987-01-29
867,Sean,Gutierrez,parkmary@hotmail.com,956-835-7123,1983-01-17
868,Kaitlyn,Jones,kathrynbanks@gmail.com,126-743-3933,1939-05-06
869,Tiffany,Keller,john63@sharp-bailey.com,(714)772-7860,2001-01-21
870,Deborah,Schultz,rosssamuel@goodman.org,273.726.2971,1986-03-14
871,Julie,Sims,hernandezcassandra@smith.com,760-270-0538x9791,1972-03-11
872,Diane,Rodriguez,dawn49@peters.biz,001-982-377-7029x341,1960-04-14
873,Vincent,Nash,nathaniel32@gmail.com,983.864.3081,1972-04-13
874,Steven,Melton,michael79@miller-farrell.com,(517)256-4773x4894,2005-06-22
875,Judith,Perez,wgonzales@gmail.com,+1-098-551-2505,1979-10-05
876,Kristin,Chambers,heathmarcus@gmail.com,(660)459-9458x5796,1966-01-10
877,Jacob,Ruiz,wsullivan@yahoo.com,187.877.0468x72985,1947-12-13
878,Mary,Mason,ethanbriggs@jimenez.org,393.574.6608,1939-02-14
879,Joseph,Jacobson,melanieschwartz@thompson.net,+1-436-834-8063x7814,1977-01-07
880,Erik,Williams,april05@yahoo.com,(335)461-8631x8106,1969-10-12
881,Alejandro,Prince,paynealicia@steele-martin.com,001-191-347-7937x1538,1942-02-16
882,Joseph,Stone,sweaver@hotmail.com,(363)684-8229x51088,1969-08-03
883,Nicole,Reid,martinlaura@mendoza.com,272.663.0011x0452,1992-04-01
884,Randy,Bailey,hflores@gmail.com,(317)910-8603x22501,1980-11-06
885,Andrea,Rios,anthonyhenson@yahoo.com,+1-573-690-1369x61739,1982-03-09
886,William,Ramirez,mezakyle@patrick.com,+1-171-827-3886x0030,1938-07-12
887,Matthew,Cabrera,omarbennett@yahoo.com,+1-398-191-4998x7567,1934-11-17
888,Christian,Wright,erik86@morrow.com,035.562.5903x43466,1951-09-08
889,Jessica,Lee,beverlyharper@smith.com,315-959-2496,1942-08-03
890,Anna,Schroeder,loriolsen@hall-smith.com,001-007-009-1521x520,1999-10-31
891,Jennifer,Cardenas,hmcdonald@adams.com,(175)334-2981,1942-02-06
892,Robert,Freeman,rachael32@turner-villa.net,534-125-7421,1976-06-16
893,Jennifer,Peters,eric14@arnold.com,+1-331-754-0481x0565,2004-09-24
894,Mary,Mitchell,xchapman@hotmail.com,+1-002-191-3403x52198,1941-02-14
895,Kenneth,Dorsey,mckinneymegan@collins.info,001-653-743-9280x5670,1980-01-22
896,Pamela,Carson,pamelaclarke@hotmail.com,190.468.0616,1997-01-19
897,Maria,Daniels,xwilliams@gmail.com,(260)951-2689x92100,1966-01-05
898,Megan,Meyer,williamsdonna@thompson-moore.com,(133)463-4272,1975-08-01
899,Alexandra,Russo,vfleming@boyle.com,459-597-9451x00563,1978-08-31
900,Rachael,Barnes,coreywallace@casey.org,+1-552-700-7178x35857,1986-07-17
901,Mallory,Joseph,eaguilar@hotmail.com,493-521-9402x64210,1984-02-25
902,Monique,Chambers,gonzalezelizabeth@summers.com,126.226.4772,1960-01-19
903,Ashley,Wilson,jbeard@robertson.com,6011952896,1967-03-28
904,Abigail,Graham,shawn66@taylor.com,969.959.4148x013,1978-07-07
905,Evan,Baker,michael52@boyd.com,(602)508-9924x082,1986-05-23
906,Donald,Stevens,lisa75@solomon.com,461-084-6813x623,1995-09-05
907,Christina,Kelly,graykatelyn@hotmail.com,713-877-7243x768,1967-12-27
908,John,Brown,hunter96@yahoo.com,285.379.0013x7642,1957-04-12
909,Gabrielle,Lewis,nicolekim@figueroa-spencer.com,701-376-9549x6748,1990-10-18
910,Philip,White,hawkinssarah@curtis.com,+1-642-705-4175x9581,1935-01-07
911,Amy,White,bryanrobinson@hotmail.com,001-772-657-8917x2497,1955-08-11
912,Collin,Johnston,franklingregory@yahoo.com,(203)950-7863,2001-02-13
913,Jessica,Osborne,ricechristopher@gmail.com,+1-545-928-2253x0872,1943-04-13
914,Brenda,Pace,melissabrown@goodman-mercer.org,996-188-2815,1995-10-09
915,Shannon,Brown,ntorres@gmail.com,656-419-4384x848,1962-02-28
916,Jose,Marshall,kaitlinbenitez@guerrero.biz,(908)628-8989x046,1939-10-31
917,Daniel,Walker,meyeralex@reyes.info,+1-122-765-4417x6201,1969-03-02
918,Mary,Russo,ymaldonado@hotmail.com,817.940.1908,1960-09-15
919,Rebecca,Green,jenniferdickerson@yahoo.com,+1-046-912-8596x06390,1981-09-17
920,Scott,Hensley,ashley98@hotmail.com,1954630966,1966-11-01
921,Kayla,Cervantes,sarahwilliams@hotmail.com,231-317-8862x5052,1960-10-03
922,Wesley,Schneider,shaunjohnston@gmail.com,+1-584-083-2577x81994,1949-07-06
923,Tony,Moore,nancyanderson@hahn.org,619-784-6583,1947-01-02
924,Thomas,Estrada,mejiabrian@gmail.com,688.615.8955x794,1963-09-30
925,Cheyenne,Owen,steven63@meyer.biz,909.216.7713,1982-02-06
926,Nicholas,Molina,brandon44@sandoval-cooper.net,988.768.7303,1990-10-07
927,Richard,Myers,kellygarrett@hotmail.com,(721)269-8799,1965-12-11
928,Taylor,Gibson,davidsonleslie@lloyd-rhodes.com,+1-908-491-1181x30058,1960-07-01
929,David,Rivera,cartercory@trevino.org,001-318-915-6607x97058,1987-11-04
930,Robert,Wilson,myersvictoria@galvan.com,(618)705-0376x6499,1979-03-22
931,Adam,Cortez,briandavis@johnson-graham.biz,383-186-5692x28111,1961-11-09
932,Kelsey,Wolfe,ostanley@gmail.com,001-910-560-3712,1963-05-24
933,Michelle,Parker,christianhoffman@yahoo.com,+1-273-167-8892,1943-11-26
934,Melanie,Sharp,penny32@nelson-edwards.com,618-415-0142,2003-08-06
935,Tyrone,Lin,cholloway@vega.biz,001-187-465-4738,1951-09-15
936,Michael,Todd,stevenreyes@hotmail.com,+1-253-900-6054x314,1942-07-25
937,Carly,Francis,amanda30@petty.info,162-339-0186x1445,1964-02-02
938,Christian,Ramirez,nicole01@yahoo.com,+1-192-798-1209,1935-09-21
939,Richard,Mueller,juan96@yahoo.com,519-126-2176x717,1992-08-19
940,Sarah,Wade,nicholasroberts@hotmail.com,001-951-395-0528x39965,1968-04-19
941,Lydia,Sanders,chunt@hotmail.com,050.598.2704x11133,1937-11-09
942,Leslie,Wolf,joshua62@mccarty.biz,929.431.2048x7741,1952-09-25
943,Hannah,Rice,wwashington@page.org,4064401538,1987-05-27
944,James,Foster,smithheather@yahoo.com,+1-849-286-4795,1946-12-26
945,Jill,Rivera,marcus83@anthony-welch.biz,5970198685,1940-11-19
946,Elizabeth,Jones,austinkaren@booker.com,(991)123-6091x63676,1955-02-27
947,Judy,Reynolds,david01@yahoo.com,203-185-7387x8448,1981-01-08
948,Wendy,Bridges,johnbrown@harding-rivera.org,412.264.6897,1982-10-15
949,David,Kane,iaguirre@le.biz,201.522.1474,1999-01-31
950,Stacy,Howell,deanna68@walker.biz,569-720-8942,1976-09-13
951,Sara,Park,william15@brown.com,200.960.2566x1833,1999-04-12
952,Christopher,Evans,sbrown@gmail.com,442.275.1443,1968-06-07
953,Richard,Fisher,morgan20@yahoo.com,548-913-5925,1936-01-13
954,Tamara,Gordon,zbryant@castillo.org,(799)426-5437x32210,1977-03-05
955,Susan,Medina,priley@hotmail.com,223.234.2671,1940-05-20
956,Isaiah,Gonzales,sherry39@stanton.com,+1-633-661-0111x6426,1963-08-18
957,Alexander,Robinson,conniewall@gmail.com,(376)212-1833x029,1985-03-06
958,Dennis,Barker,meyerschristina@lee-alexander.org,+1-578-765-0513x633,1954-03-30
959,Heather,Mccoy,melissalane@white.org,0727457764,1980-10-13
960,Sarah,Warner,randall23@gmail.com,(459)562-8323x85079,2000-10-17
961,James,Fry,timothy36@patton-walker.info,691.881.8566x96080,1982-12-17
962,Andrew,Macdonald,khensley@smith.com,3617042082,1955-04-25
963,David,Russell,abbottlisa@hotmail.com,(117)523-2768x76446,1972-08-19
964,Melissa,Pacheco,vasquezscott@yahoo.com,001-315-235-3936x41988,1987-02-14
965,Margaret,Burgess,gcasey@castillo.info,993-277-1016,1970-07-05
966,Judith,Robinson,englishbrittany@hotmail.com,415.854.3779,1938-07-05
967,Barbara,Nolan,perrynicholas@grant.com,020-456-0115x05645,1952-03-09
968,Brenda,Horton,herrerakristi@gmail.com,182.807.3383,1981-12-05
969,Julia,Miller,lisa26@thomas.net,730.023.1905x62622,1956-01-15
970,Nathan,White,antonio76@cruz.com,403.884.7222x443,1980-08-07
971,Crystal,Gallagher,jeffreymckenzie@williams.com,574.137.4900x1750,1988-10-26
972,Alex,Knight,leeadams@brown.com,300-075-9440x687,1946-07-06
973,Ethan,Gonzalez,billymack@ortiz.com,+1-340-699-3420,1944-01-05
974,Brian,Chen,jameshouse@moore-duncan.com,(391)297-6167,1991-10-17
975,Sean,Byrd,gravesthomas@webster.org,001-800-453-4972x1818,1969-08-04
976,Joseph,Hartman,austinkelly@jones.com,6025529672,1974-10-12
977,Kathy,Evans,xdudley@anderson-crane.com,+1-009-655-0765,2006-04-10
978,Tammy,Davis,nicholaskeller@lindsey.com,374.864.2168x446,1979-06-21
979,Rachel,Barrett,zacharybaker@yahoo.com,(938)391-8813x547,1989-05-04
980,Thomas,Sullivan,john68@sanchez-davidson.com,524.638.8346x0987,1999-11-16
981,Philip,Jackson,fcastro@robinson.com,712-614-6251x6463,1956-02-23
982,Christina,Kim,elizabeth21@yahoo.com,246-684-2871x9737,2005-04-02
983,Pamela,Ortiz,ryanmiller@gmail.com,290.402.6202x979,1935-02-20
984,Ashley,Palmer,mrodriguez@jennings.com,(521)366-9321x99474,1948-12-31
985,James,Williams,floresangela@gmail.com,933.945.5548x2151,1961-12-08
986,Jacqueline,Parsons,dawn41@kirk.org,+1-946-288-0840x32876,1994-08-25
987,Troy,Howard,michaeladams@yahoo.com,059.471.0226,1960-01-11
988,Mark,Lopez,bauerchristopher@gmail.com,001-996-538-9366x138,2001-08-12
989,Shannon,Warren,ebryant@miller.net,(892)690-5658,1934-10-11
990,Joseph,James,tracicarter@gmail.com,+1-434-729-7924,1984-05-21
991,Johnny,Smith,jasonreed@ray-martinez.com,553-797-2954x1112,1979-08-06
992,Daniel,Crawford,davidnelson@yahoo.com,203-098-1255,1959-12-17
993,Jared,Ross,hgross@mendez-anderson.biz,+1-747-013-3802x4138,1974-07-21
994,Daniel,Cooper,jeffreyyoung@yahoo.com,001-332-698-5719x95519,1967-05-08
995,Brendan,Mcmillan,jessicahaley@weeks-moon.info,(509)673-1071x7615,1934-03-27
996,Jasmine,Guerrero,jonessusan@evans.com,001-766-480-2449x9844,1987-10-25
997,Charles,Jones,emmabennett@gmail.com,001-379-849-7011x389,1947-12-07
998,Cindy,Bowers,marisadavis@gentry.com,001-270-244-4971,1978-08-20
999,Steven,King,david60@gmail.com,+1-234-889-7694x7870,1971-11-03
1000,Jeffrey,Clark,david97@hotmail.com,(534)164-5165x88612,1959-02-20
