first_name,last_name,email,phone_number,date_of_birth
Amanda,Cruz,michaelsullivan@yahoo.com,0892015475,1964-08-09
Steven,Soto,ivansullivan@yahoo.com,+1-274-084-3001x8571,1954-02-21
Ashley,White,angel70@mcclure.com,(845)543-2110,1976-01-24
Kimberly,Jones,crawfordrobert@gmail.com,(621)554-3663x8610,1966-10-29
Allison,Mcfarland,sanchezmichael@hotmail.com,+1-517-715-5725,1997-03-25
Kyle,Hill,crystalwilson@gmail.com,+1-479-712-1690x91197,1977-07-10
Stephanie,Todd,xsanders@jones.info,160.723.6572x40850,1964-08-18
Seth,Smith,mschultz@hotmail.com,001-396-561-7597x54937,1951-04-08
Kelly,Jackson,qguzman@benson.biz,+1-301-909-2662x000,1935-08-25
Aaron,Good,allison08@gmail.com,(706)144-2990x362,1940-11-03
Leroy,Kelly,erin80@yahoo.com,2494703745,1933-09-23
Charles,Hernandez,hintontina@gmail.com,+1-762-502-8742x5536,1980-07-17
Marilyn,Miller,laurenjones@yahoo.com,753.878.6063,1936-11-29
Jill,Delgado,daguilar@peters.biz,9623635748,1977-01-01
Rodney,Fernandez,farmerdanny@watson.info,001-466-050-8889x853,1991-12-15
Sierra,Mccoy,silvajeff@hotmail.com,(400)713-0302x193,2004-10-18
Samantha,Sheppard,robinsonpamela@moore.info,6939406955,1948-05-30
Jason,Miller,renee49@smith-lloyd.com,510-784-2060,1934-11-09
Steve,Logan,greenjeff@hotmail.com,647.952.1587x473,1993-11-21
Karen,Perez,ihoward@daniel-morris.com,+1-884-198-6585,1966-08-08
Loretta,Douglas,hicksdustin@dean-hancock.com,999.496.3564,1977-02-24
Ronnie,Campbell,diazmegan@woods-perry.com,467-612-6615,1950-02-05
Regina,Murphy,sandra33@douglas-moreno.com,433-785-8681x1147,1971-10-27
William,Long,paulchapman@nelson-powell.com,696-868-3859,2001-12-01
Connie,Barber,justinross@gmail.com,892-644-6396x554,1964-02-19
Tammy,Lopez,jeffpreston@yahoo.com,+1-779-295-9398x8400,1957-12-13
Richard,Hogan,rmoses@gmail.com,692-355-9012x697,1974-06-15
John,Wood,courtney29@hotmail.com,(777)412-7307x3140,1949-09-06
Kristin,Tate,esilva@mason.com,+1-246-687-8399x785,1993-09-04
David,Barajas,elizabeth95@gmail.com,854-393-1087x4635,1988-08-10
Victoria,Jackson,davidlee@dorsey.biz,(670)204-1699x06226,1972-03-03
Carlos,Reynolds,alexis29@yahoo.com,+1-998-042-0438x4374,1968-11-06
John,Alvarez,jessica69@bond.org,(536)239-4511x3745,1969-10-22
Chelsea,Alexander,donnarobinson@aguirre.org,012-576-0772,1964-12-05
Kelly,Rivera,brittany98@hotmail.com,7688748503,1970-04-30
Michael,Williams,austinroberson@yahoo.com,327-514-0506,1999-11-25
Kristen,Villegas,rodriguezchristopher@hotmail.com,9476198374,1980-09-14
Krista,Hall,jacqueline01@barnes.net,656-814-9707x1472,1978-10-16
Charles,Dougherty,jessicacrane@le.com,+1-816-786-3264x180,1954-06-03
Laura,Collins,carlos04@gmail.com,001-918-846-2226x7312,1965-01-02
Mary,Rodriguez,fosterdanielle@hughes.com,463.578.3432,1955-01-16
Larry,Irwin,oliverashley@hill.com,0345991674,1989-04-20
Kevin,Knight,skirby@sawyer.com,967-009-2731,1953-12-28
Christina,Stout,brentphillips@gmail.com,806.462.1725x689,1977-03-18
Travis,King,steelebrenda@yahoo.com,268.364.4949x7216,1934-12-03
Angela,Vaughn,rcochran@hotmail.com,690.585.1485x666,1950-04-23
John,Carter,heidi37@yahoo.com,+1-734-804-4344x1765,1961-05-12
Anthony,Gates,cjones@hotmail.com,001-809-040-3912x023,1937-05-02
Angela,Olson,williamsmatthew@gmail.com,+1-150-648-2009x0459,1997-12-08
Stephanie,Mitchell,faithandrews@gibson-flores.com,367-366-3707x440,1951-12-25
Martin,White,destiny37@roberts-johnston.com,667.864.9622,1990-11-01
Christine,Ramirez,elizabethjohnson@hotmail.com,5838764250,1997-11-14
Brittany,Pace,huntermonica@li-willis.com,011.739.9370,1994-05-19
Brian,Yates,nicholewade@lopez.com,+1-950-984-6678,1971-02-13
Brenda,Brown,thompsonmichael@hotmail.com,7501374674,1997-10-28
Alexandra,Miller,brianmontoya@gmail.com,763-930-6546x136,1974-05-19
Jennifer,Morales,burtondebra@kramer.net,+1-974-302-2512x44681,1933-12-09
Jesse,Gibson,simonlori@yahoo.com,001-798-451-1850,1965-12-10
Tyler,Brown,scott66@gmail.com,+1-895-079-9229,1993-08-14
Julian,Gutierrez,daniel05@yahoo.com,001-560-334-0074x9318,1966-06-21
Katherine,Gibson,johnsonwilliam@hotmail.com,(265)370-7814x126,1983-12-03
Jay,Silva,gdickerson@yahoo.com,951.477.8848x94065,1964-05-04
John,Peters,qmorrison@yahoo.com,(496)700-7008x97160,1985-02-03
Michael,Miller,jean55@yahoo.com,863.607.8052x8063,1989-09-17
Brian,Jones,martinjennifer@cabrera.com,001-401-773-3455x653,1961-03-30
Nancy,Nolan,hjones@hotmail.com,(332)103-2554x698,1948-08-28
Jeffery,Rodriguez,jonescharles@walker.com,866.474.2430x0338,1982-02-15
Joe,Perez,destiny62@brown-johnson.biz,9269664396,1950-02-04
Samantha,Barnett,vwilliams@hotmail.com,001-454-930-3639,1948-09-15
Suzanne,Johnson,steven22@yahoo.com,(050)326-3610x88890,1950-05-29
Lisa,Acosta,mario82@hotmail.com,+1-167-598-9460,1975-02-23
William,Williams,christine80@gmail.com,(639)084-2475,1963-04-30
Michael,Sanford,tammy24@gordon-white.net,001-462-272-7561x9955,1999-03-01
Susan,Adams,gshaffer@rojas.com,221-933-5748x403,1971-04-18
Carl,Thomas,robert58@burns.com,0453512251,1956-06-12
Christina,Chavez,johnsonaaron@yahoo.com,(930)217-5949x4600,1980-07-22
Jonathan,Yu,brianpetersen@hotmail.com,+1-095-198-4828x51373,1958-04-08
Thomas,Gomez,torresbrendan@gmail.com,001-554-963-8346x6422,1943-02-28
Daniel,Mora,jonesalbert@boone.com,193-498-7602,1985-02-27
Seth,Browning,timothy09@yahoo.com,+1-357-434-3624,1938-09-28
Bobby,Hayes,adam85@gmail.com,546.125.5407x83202,1940-01-22
Charles,Williams,mikepeters@hotmail.com,190-829-1131,2005-06-29
Linda,Greene,qwashington@yahoo.com,+1-357-051-4246,1939-11-27
Lisa,Grant,josephburke@gmail.com,211.301.7114,1968-05-15
Nina,Newman,charlotte40@freeman-stokes.info,578-653-1330x6506,1988-12-27
Douglas,Jackson,paynedavid@hotmail.com,001-471-377-8966x7215,1963-01-07
Daniel,Garcia,katie94@livingston.info,(637)736-6210x193,1998-07-17
Andrew,Mata,uhall@gmail.com,4487713678,1971-12-28
Adam,Garcia,christiangonzales@gmail.com,001-079-576-2385,1962-11-17
Steven,Campbell,wshelton@yahoo.com,(086)412-5722x919,1982-01-19
Rachel,Lee,melissaterrell@yahoo.com,346-158-2886,1992-03-30
Anthony,Richard,anthony47@gmail.com,001-080-145-2315x2960,1986-11-30
Justin,Sullivan,melissajordan@hotmail.com,(672)708-6716,1939-10-09
Beverly,Gutierrez,john70@gmail.com,304.694.0127,2001-04-28
Ryan,Baker,smithelaine@hotmail.com,947-656-4035x030,1971-06-26
Frank,Rogers,andersonkatrina@weber-meyer.biz,684-281-8258,1969-12-02
Amber,Contreras,clarkjohn@gmail.com,(655)015-4411x87511,1978-11-06
Jeremy,Bradley,avelasquez@gmail.com,001-565-014-8035x2554,1959-11-16
Gregory,Mendez,boydheather@adams-oliver.info,(132)183-6212x57461,1969-03-04
Christina,Tran,jennifer66@white.com,+1-649-530-0984x927,1989-11-23
Rachel,Smith,jacobwilliams@fuentes.net,629.477.8408x52116,1944-04-11
Michelle,Burns,ujohnson@hotmail.com,140-542-2909,1991-04-30
Kim,Hernandez,dadams@anderson.com,+1-162-850-9490x1595,1995-07-03
Grant,Evans,kimberlywilliams@white-rodriguez.com,792.898.4902,1999-08-06
Suzanne,Norris,joannmorrow@long.com,658-705-6452,1937-03-03
Michael,Lucas,austin34@stewart.com,(406)012-5001,1973-08-15
Joseph,Fernandez,briannamoore@yahoo.com,001-333-783-9256x7901,1969-09-16
Jennifer,Baldwin,natalie81@yahoo.com,001-661-158-9959x853,1937-04-22
Daniel,Kerr,alexandria66@yahoo.com,(022)387-5029,1980-09-01
Daniel,White,mwood@yahoo.com,951.444.3869x62908,1963-03-03
Larry,Scott,aaronoconnell@hotmail.com,+1-379-576-6171x9887,1998-01-31
Stephanie,Johnson,fordjose@yahoo.com,+1-294-669-5557x19754,1954-10-10
David,Thompson,carrnancy@gmail.com,801.727.2300x77692,1941-07-01
Elizabeth,Hicks,matthew22@hotmail.com,8352920024,1981-09-13
Kevin,Anderson,gclark@koch-mitchell.com,410-630-7895x300,1979-08-26
Stephen,Smith,fproctor@yahoo.com,684.285.3745x46162,1957-07-01
Sabrina,Hughes,bblanchard@bailey.com,+1-229-264-4574,1950-04-25
Emma,Rojas,hillthomas@ellison-terry.com,(940)270-3795,1969-05-19
Brenda,Costa,gregory75@griffin.org,581.009.3515x3121,2002-11-01
David,Perez,christopher42@perez.org,868-595-1041x8447,1970-09-26
Todd,Lloyd,ellen37@gmail.com,537-802-5063x4644,1934-07-05
Kerry,Smith,dmendoza@ramos-myers.info,(507)085-6611x144,1981-05-01
Laura,Grant,schneidercristian@yahoo.com,(573)943-5408x5632,1944-07-11
Benjamin,Ellis,ambersoto@gmail.com,001-603-571-0080x074,1961-10-17
Corey,Woodard,pbryan@patel-welch.net,001-433-129-0946,1948-02-11
Emily,Nguyen,ysanchez@sanchez.com,042-612-2415x8033,1988-02-24
Troy,Anderson,jennifer75@romero.com,864-029-9507,1953-05-21
Alicia,Kennedy,stephanie43@hotmail.com,372-889-8999x53059,1937-08-02
Danny,Moreno,hughesmeagan@mcdowell.com,176.874.7162x41376,1969-04-28
Ian,Robinson,regina29@gmail.com,+1-324-138-2892x855,1996-03-20
Theresa,Porter,luisdudley@gmail.com,+1-773-889-8533x2735,1944-02-21
Dennis,Diaz,daguirre@barajas.com,546-655-3021x643,1996-01-31
Matthew,Cardenas,georgejones@hotmail.com,(834)402-1858x06051,2000-02-02
Richard,Dean,aaron73@ross.com,(944)075-8513x91985,1994-10-26
Michael,Roberts,jillkrueger@yahoo.com,282.981.2612x780,2001-03-05
Joseph,Foster,jon31@harper-hess.com,060-550-0520x710,1979-11-03
John,Jennings,kellykhan@hubbard.com,377.941.0551,1952-11-13
Melissa,Soto,courtneyholden@boyer-martinez.com,637.709.9693x54883,1975-02-05
Melissa,Lara,caitlin31@burton.com,+1-148-700-1206x974,1950-05-14
Barbara,Harris,jacobsonmichelle@hotmail.com,403.218.2068x1563,1935-02-23
Robert,Kelly,autumn05@nichols.com,6746604825,1933-11-19
Savannah,Stewart,patricksalazar@gmail.com,(927)396-9299x063,1945-05-13
Raymond,Wagner,nicholecobb@hotmail.com,288.519.1022x083,1962-09-28
Elizabeth,Campbell,vwallace@martinez.com,707-666-5210x589,1977-08-21
Teresa,Hernandez,lmartinez@yahoo.com,408-000-2733x36273,1935-01-09
Rebecca,Green,garzacheryl@gmail.com,719-030-7730x80441,1965-10-13
Darryl,Ellis,ihogan@gmail.com,546-600-0618x4670,1972-12-09
Teresa,Lee,jrobinson@yahoo.com,7246068593,1994-11-20
Melissa,Rios,gomezjasmin@palmer-wright.com,(280)581-7167,1971-12-25
Travis,Townsend,qhampton@hotmail.com,280.105.2329x84810,1942-09-06
Karen,Tapia,edwardsgina@yahoo.com,151.102.5140,1947-07-09
Anthony,Matthews,stevenmccall@gonzales.info,554.879.1084,1936-08-19
Isabella,Young,harrisleroy@hotmail.com,063-051-0571,2006-04-27
Andrea,Velasquez,graytami@hotmail.com,817-723-3763x943,2002-07-12
Denise,Andrade,upearson@howard-newton.org,+1-233-150-4194x098,1989-05-10
Grace,Jones,taramckee@hotmail.com,477-367-1615,1981-01-14
Jennifer,Lopez,christophermiller@white.com,(936)055-3324,1972-05-20
Jessica,Ford,fhinton@thomas-foster.com,841.156.4644,1960-10-17
Blake,Cruz,joseph14@gmail.com,270.185.9130,1976-12-11
Steven,Cook,smithtom@vincent-reyes.com,(965)860-8523x7519,1990-06-29
Matthew,Dominguez,chandlersteven@gmail.com,769.721.6536,1974-07-14
Adam,Powell,ralph13@reese-thomas.biz,6532062375,1960-05-20
Jonathan,Rogers,vruiz@johnson.net,+1-392-042-6263x786,1962-07-30
Jacob,Spears,samuelgaines@fletcher.com,001-808-110-9619x0347,1991-11-04
George,Bolton,debbiemoore@hotmail.com,795-318-0913,1980-01-06
Ana,Jones,gordon25@stark.info,(922)215-0761x7292,1952-04-11
Ryan,Taylor,evansdavid@gmail.com,481-275-0883,1936-10-28
Victor,Bryant,tharris@james.org,(382)519-2956,1983-05-29
Brandy,Valentine,jasminecampbell@ward.biz,001-344-062-8860,2001-12-24
Matthew,Nelson,zachary32@gmail.com,+1-629-526-9175x2114,1957-06-17
Taylor,Lopez,iking@price.com,001-629-185-9228x189,1985-10-06
Dorothy,Ramsey,nathan12@small-burns.com,787.779.8898,1980-10-28
Jeremiah,Diaz,danielle29@yahoo.com,082-065-5137,1981-06-19
Ashley,Carter,danny25@fitzgerald.biz,001-545-743-4760x3692,1937-09-25
Tara,Clarke,robin34@yahoo.com,768.789.7952,1949-09-16
Sarah,Solis,lyonshelen@hotmail.com,(724)056-8087,1990-05-14
Nicholas,Robinson,qgarcia@bean.com,716.185.5355,1982-08-30
Wanda,Lopez,alexandriawatson@yahoo.com,868-029-2575,1933-09-01
Katherine,Barrett,nancy89@sandoval-spence.com,(792)451-7816x1068,1968-05-06
Mike,Garner,hughesantonio@collins.com,+1-360-234-1718x43900,1986-09-28
Maureen,Bradford,kkeller@cervantes-jackson.biz,+1-811-376-6078x4335,1980-05-02
Xavier,Gonzales,john70@moses-phelps.net,060.384.0998,1956-09-26
Christopher,Martin,michelle47@hotmail.com,327.756.8138,1952-02-23
Kim,Townsend,william97@norris.info,001-170-189-1136x61127,1992-10-22
David,Pace,thomascrawford@miller.com,478.855.6925,1970-07-04
William,Vaughn,jameskeith@wilson-walsh.org,812-315-3964,1949-05-14
Claudia,Smith,douglassmith@gmail.com,001-354-653-2525,1979-05-31
Kimberly,Robinson,ufletcher@gmail.com,5104255363,1988-10-27
Jeffrey,Johnson,bmcdaniel@gmail.com,7354411259,1960-01-28
Matthew,Green,lmunoz@hotmail.com,(834)679-7692x9786,1986-05-22
George,Hubbard,rodney73@cooper.biz,(217)573-8196,1946-03-23
Ashley,Morris,theresa19@torres-york.com,493.811.1758x722,1947-01-25
Rachel,Brown,oscarmcmillan@gmail.com,140.254.7755,1995-11-18
Melissa,Robinson,glasserica@hotmail.com,(145)777-0449,1966-03-16
Robert,Haynes,allenwilliam@hotmail.com,115-545-2362,1970-10-04
Gregory,Cook,lozanobrittany@davidson-james.info,+1-795-359-8894x935,1973-07-19
Jessica,Grant,jennifer55@heath.com,490.220.3211x4062,2003-03-09
Cheryl,White,hharris@white.biz,+1-556-924-8686,1966-03-14
Mario,Sparks,angela22@yahoo.com,460-121-7402x214,1961-07-10
Amanda,Reid,ashleyarmstrong@hotmail.com,061-337-4859x5002,1960-11-25
Brianna,Johnson,trichardson@hotmail.com,001-717-934-5742x118,1980-04-25
Tiffany,George,hodgejames@stewart-bradley.com,001-516-052-9502x03396,1948-11-28
Erin,Bryan,idavis@yahoo.com,0375776559,1993-02-19
Julia,Scott,erik44@clark.com,+1-904-614-8432x2175,2002-02-09
Samantha,Barnett,jackson71@lewis.com,+1-672-395-4500x538,1976-09-06
Stephanie,Church,jerry00@gmail.com,+1-327-496-0172x025,1961-07-09
Tim,Paul,odaniels@yahoo.com,553-701-0036x35844,1987-08-14
Megan,Ortega,phillipsjerry@ramos.biz,718.911.1361x6372,2003-10-19
Cathy,Ramirez,wgreen@gmail.com,434-083-3904,1955-12-03
Brittany,Rivera,amy80@gmail.com,165.519.8766,1958-10-04
Andrew,Gordon,etucker@gmail.com,(795)560-2903x960,1996-08-15
Alicia,Long,elizabethbenson@ross-castillo.net,+1-096-223-2784,1946-06-26
Stephanie,Hansen,randyhunter@jackson.com,001-389-965-3021x47119,1953-05-04
Sandra,Boyd,ymartinez@cantrell.com,+1-590-329-5706x81743,1940-06-12
James,Rodriguez,cranetristan@espinoza.com,9244222615,1962-11-13
Andrea,Williams,joelsmith@hotmail.com,300.431.3894,1945-10-08
Julie,Kaufman,thomas96@harrison-blevins.biz,(884)278-1956x9821,1943-01-13
Brandon,Parker,rsimpson@yahoo.com,+1-414-301-9523x899,1990-11-23
Keith,Myers,garrettrobert@gmail.com,001-015-447-7577x8537,1951-01-02
Amber,Holden,katherinepineda@yahoo.com,(566)738-4277,2001-11-07
Carol,Boyd,qoconnor@brown.info,539-093-8377,1983-12-11
Brandon,Barnes,leonardandrea@ingram.org,439-590-6946,1966-10-20
Sean,Diaz,wmcneil@petty-dixon.com,700.668.0713x3612,1935-02-12
Curtis,Mendez,connie58@hotmail.com,+1-333-379-0954,1959-02-23
Erik,Sanders,robertgraham@yahoo.com,+1-743-944-3074x8976,1998-01-03
Adam,Smith,samuel78@yahoo.com,001-774-022-8941x2773,1962-08-11
Marie,Long,martinbrian@sanchez-robertson.com,890.560.2405x2852,1945-06-27
Justin,Wise,nicole83@gmail.com,+1-991-571-3407x228,1983-09-02
Gregory,Small,hbradford@galloway.biz,824.366.7419x245,1937-11-10
Michael,Avery,ljacobson@gmail.com,(833)353-2386x53298,2000-02-01
John,Gonzalez,rodriguezmarcus@butler.com,493.738.8915x60308,1954-04-03
Todd,Hayden,william87@freeman.com,(939)782-8290x2898,1933-09-11
Stacey,Barber,caseystacey@yahoo.com,874-171-1315x2528,1966-05-08
Melissa,Christensen,fking@nelson-morales.com,854-242-9326x5920,2003-01-04
Samantha,Horton,sburgess@gmail.com,001-287-7984x994,1989-06-19
Michael,Davenport,reginald67@gmail.com,(918)790-6255x221,1966-04-21
Erik,Ford,lopezchristopher@gmail.com,001-772-473-6801x7491,1948-06-06
Daniel,Garcia,amandamunoz@sanchez-stark.com,+1-939-833-9613,1979-02-25
Emily,Kelly,tmckee@yahoo.com,990.265.2020x5752,1993-08-29
Douglas,Hines,travis99@gmail.com,(998)940-6620,1999-01-20
Nicholas,Blake,hillpaula@yahoo.com,904.344.1981,1996-12-02
David,Wright,vjenkins@vasquez-aguirre.com,+1-339-008-3280x2303,2001-11-06
Megan,Hall,jared39@rodriguez.net,428-318-8232,1944-03-17
Michael,Larson,gilesjonathan@yahoo.com,+1-000-862-4402x179,1942-09-16
Heather,Johnson,ethanvazquez@gmail.com,876.576.8178x450,1986-04-13
Anthony,Nelson,dana26@gmail.com,873-094-1686,1986-06-22
Jeffrey,Oconnor,edwardwatson@gmail.com,001-110-000-3885,1964-02-20
Michael,Patterson,marcus32@jacobs-young.org,001-979-165-3888x6124,1977-09-01
Michael,Gray,danielle77@washington.com,391-086-2826,1935-09-04
Karen,Keith,brittany27@yahoo.com,1568098280,1939-02-03
Kenneth,Carter,jameschen@day.com,001-991-629-8660x967,1942-09-08
Edgar,Taylor,connorhamilton@gmail.com,3959131402,1988-09-29
Aaron,Guzman,ashley40@hernandez-hahn.biz,584.520.8799x8311,1990-10-03
Brett,Cuevas,hlewis@smith.net,+1-931-444-8823x4089,1983-11-19
Aaron,Palmer,garciafrances@hotmail.com,001-310-035-8520,1984-08-27
Melissa,Dominguez,aaronsosa@gmail.com,077-569-4146x9343,1955-06-16
Kelly,Villegas,madisonstone@fitzgerald.com,(299)116-3195,1997-05-02
Stanley,Wood,cmyers@hotmail.com,886-565-8034,2002-04-04
Rebecca,Ramirez,rodriguezbrad@hopkins-flores.net,6585352329,2000-04-02
Michelle,Perry,sullivankayla@rocha.com,(590)812-4968x851,1941-11-11
Sheri,Price,adamsbenjamin@peck.com,423-272-3007,1981-05-16
Robert,Jackson,rickyhill@hotmail.com,8901262371,1960-06-20
Jessica,Brown,grantrodriguez@kramer-kim.com,616.793.6440,1933-10-28
Michael,Davis,michaelmiller@hotmail.com,(042)162-9542,1988-11-28
Pam,Irwin,emily04@yahoo.com,(514)328-4076,1935-10-18
Heidi,King,apatterson@hotmail.com,001-776-002-1584x2311,1945-06-28
Bryan,Lee,kristiwright@cohen.com,263-926-6754,2001-12-06
Zachary,Fernandez,leenatalie@perry.org,5704251636,1955-02-23
Michelle,Foster,petersjoseph@hernandez-horn.com,001-640-813-5551x125,1989-05-12
Kimberly,Robinson,laura63@cross.biz,905-157-3746,1956-12-10
Joyce,Lopez,jamessingh@ortega.org,537-754-8441x9990,1966-03-03
Dana,Becker,kellymyers@hotmail.com,256-346-8655,1938-01-31
Brian,Green,karentrevino@gmail.com,423.342.6693x92916,1983-06-06
Angel,Alvarez,juarezkristin@brooks.com,(171)301-8192x9503,1991-03-13
David,Shepard,pmartin@sanchez-taylor.com,526-896-5720x423,1978-11-02
Wyatt,Smith,taylorknox@hotmail.com,001-193-655-2161x255,1995-05-16
Jeffrey,Liu,dylanwilliamson@bullock-carroll.com,001-464-741-8133x1853,1975-08-22
Ronald,Moyer,mariawells@gray.com,128-764-7522x475,1967-07-12
Dana,Harrington,leslie47@yahoo.com,3384299042,1999-12-05
Sharon,Martinez,lewisbrad@morrison.com,737-051-7225x377,1995-04-26
Darlene,Chapman,hrosario@hall-gonzalez.info,5850763617,1942-07-08
Monica,Morales,awest@bell-johnson.com,975.074.3089x2675,1991-05-07
Scott,Brown,jamesjensen@yahoo.com,(651)696-3469x0931,1957-05-19
Rebecca,Howard,harroyo@gmail.com,452.961.6969,1999-04-22
Adam,Daniel,burkejoseph@singleton.com,504.493.3416x615,1959-09-23
Shaun,Schultz,traceywilson@wolfe.com,753.585.9007x141,1996-12-02
Karen,Pratt,ryancampos@yahoo.com,4502783626,1965-09-30
Brittany,Murphy,andrew92@yahoo.com,+1-212-362-7877x548,1975-04-28
Arthur,Rojas,allen79@grimes-fernandez.com,865.966.0942x315,1957-09-25
Katie,Vasquez,lisa83@moses.com,(892)996-0454x64416,1978-12-20
Paul,Smith,lfranklin@ramirez.net,2653343617,1962-07-01
John,Lane,heatherfriedman@gmail.com,258-308-2249x86750,1999-06-24
Jason,Howard,gallagheroscar@hotmail.com,561-337-8032x484,1949-09-18
Angela,Gomez,nicholsmargaret@glenn.com,+1-478-589-2016x8926,1951-08-27
Joseph,Martin,zacharyanderson@adams.com,038.217.7331,1987-11-14
Amy,Watson,tayloradams@hart-warner.com,5286651030,1961-08-15
Andrew,Hill,jacobgallagher@yahoo.com,+1-931-320-5286x51320,1990-09-04
Daniel,Forbes,swansonwayne@yahoo.com,836-253-4094x836,1992-06-14
Christian,Rogers,mclaughlinrobert@daniels.info,001-117-180-7196x47268,1972-07-17
Mitchell,Jimenez,karengillespie@harvey.com,015-347-1526,1983-04-21
Philip,Mccoy,bakertimothy@hotmail.com,001-532-062-3982x279,1947-04-11
Jacqueline,Singh,abrooks@hutchinson.com,520.918.0945,1999-09-29
William,Lambert,johnnywhite@moore-norton.info,984.933.8989,1995-11-06
Joseph,Graham,justin13@diaz.com,896-192-3200x8734,1948-06-06
Gregory,Lopez,hruiz@gmail.com,+1-008-765-5373,1971-06-12
Katrina,Frederick,patelangela@owens.com,580-518-5126,1988-05-09
Nicholas,Pena,lwinters@gmail.com,050.673.7307,2000-04-14
Elizabeth,House,michael42@smith.com,(514)361-1883x6619,1967-06-29
Ashley,Peterson,richardford@gmail.com,539-757-7477,1965-10-15
Carrie,Faulkner,karlbrown@weaver-sanders.info,001-023-678-8778,1969-08-26
Nicole,Tyler,millernicholas@hotmail.com,001-791-176-4270,1955-05-05
Andrea,Johnson,yrussell@yahoo.com,986.680.1737x5860,1971-07-08
Kimberly,Rose,fishervictoria@gmail.com,001-019-505-1847x408,1933-08-28
Gary,Anderson,luke39@hotmail.com,001-389-655-1624x045,1937-06-21
Amber,Johnson,jenningslaura@lewis.com,(959)040-0839,1993-03-11
Ashley,Payne,girwin@duke.com,001-762-398-6014x3827,1940-04-26
Robert,Oneal,youngdana@pollard.com,840.706.7465x0483,2005-05-14
Natalie,Cross,braunjodi@brown.com,459.268.6424x8191,1951-04-17
Keith,Schmidt,fryangela@wyatt.net,2355059869,1947-06-15
Todd,Miranda,estradagary@williamson.com,(117)125-8519x316,1941-09-17
Deanna,Simpson,michellegarner@hotmail.com,746.806.3465,1976-09-04
Rachel,Hernandez,fsnyder@porter-lopez.biz,(846)445-2955x77449,1940-04-06
Paul,Smith,calvin63@ramirez.info,133-712-4952x21327,1975-02-01
Miguel,Williams,nicole53@king.org,295.121.1589x72772,1964-06-23
Joseph,Pittman,sarahallen@yahoo.com,(100)884-9305x397,1968-06-19
Christian,Myers,chad70@conway.org,989.233.8538,1986-08-25
Jonathan,Johnson,michelleandersen@hotmail.com,(176)228-9030x71379,2000-10-24
Ashley,Padilla,wrightdaniel@hotmail.com,(856)876-2003x20417,1942-05-24
David,Mann,martinezrebecca@gmail.com,(246)829-4260x76113,1993-06-15
Derek,Walker,tamara76@yahoo.com,170-036-4117,1995-06-01
Angela,Brown,mikepierce@valentine.org,001-480-564-9504x004,2005-07-28
Brandi,Taylor,kenneththomas@hotmail.com,293-665-2727x93538,1977-06-02
James,Bruce,christina30@kennedy.info,5528458169,2004-08-04
Glenn,Cain,evelynchavez@hotmail.com,(084)724-6682x305,1967-04-13
Christopher,Anderson,ashlee59@gmail.com,+1-755-852-8082,1949-12-28
Christina,Rodriguez,ihamilton@hotmail.com,6071313595,1990-05-05
Kelly,Simon,harrelljoe@yahoo.com,738.409.6950,1951-09-09
Kevin,Gay,evanschristopher@hotmail.com,(573)349-0543x497,1962-12-18
Debbie,Gould,keith70@hensley-ferguson.com,001-298-626-3617x96426,1947-02-26
Melissa,Navarro,alexandrajohnson@hotmail.com,709.802.4164,2004-05-08
Jason,Chan,cheyenne27@shepherd-bates.net,953.684.5390,1940-05-18
Rhonda,Heath,jacqueline18@hotmail.com,240-928-0230x36387,2005-03-15
Brittany,Jones,ramirezrandall@hotmail.com,(550)801-2116,1971-01-12
John,Johnson,raymonddale@wilson-hanna.com,+1-155-012-2363x2714,1995-07-26
Diana,Guzman,rachel07@gmail.com,179-184-3038x8088,1998-02-21
Julie,Reyes,daniel65@miller-brown.com,322.402.6125,1944-02-22
Cynthia,Cox,nsnyder@yahoo.com,+1-605-245-2522,1992-12-04
Natalie,Smith,markfoster@yahoo.com,492-634-8358x39071,2005-11-24
Lori,Gonzalez,sjames@pennington-russell.info,108-243-8993,1943-08-05
Valerie,Sanchez,brian62@wilkins.info,476.168.9486,1951-12-22
Ashley,Pratt,briana40@gmail.com,001-111-292-6739,1941-04-27
Margaret,Flores,drichards@knapp-nunez.info,576.004.8646,1967-10-09
Jeffrey,Collins,whiteheadjack@yahoo.com,(491)272-6304,1989-12-30
Patricia,Cabrera,zbutler@yahoo.com,001-447-220-1280,1974-09-29
Matthew,Hunt,xquinn@hotmail.com,456.271.7755x55848,1958-07-24
Patrick,Welch,kristin41@vasquez.com,022.744.7513x238,1992-04-11
Dawn,Bennett,smorris@rivera.com,(560)828-9681x421,1989-04-11
Gina,Miller,angelabryan@gmail.com,+1-186-686-0778,1936-05-05
Anne,Owens,ruthhudson@fisher.com,(732)389-4639x625,1945-10-02
James,White,annalambert@rowe-smith.net,+1-922-590-7421x136,1978-06-29
Joshua,Wallace,patriciajohnston@baird.com,(782)450-5489x46512,1952-04-18
Tony,Jackson,taylorlauren@harris.info,195-679-6963x8333,1993-10-21
Daniel,Andrews,alyssabailey@smith.com,(625)149-4194,1996-05-03
Teresa,Phillips,chavezyvette@brown-morgan.com,+1-889-599-0625,1982-10-20
Roy,Guerrero,stephaniesmith@hunt.com,9916253675,1950-09-16
Paul,Wall,carrie18@hotmail.com,(766)934-1893x316,1956-12-15
Rebecca,Brown,michael86@cummings.com,(092)118-2127x39107,1935-05-06
Thomas,Watson,washingtonmonica@cowan.com,120.702.6165,1950-12-22
Diana,Ruiz,byrdchristopher@hunt.com,001-751-349-0641x1049,1937-05-13
Laura,Leonard,greentonya@yahoo.com,621-051-5610x6578,1937-04-22
Denise,Mckinney,sharpelizabeth@hotmail.com,001-977-590-4034x3394,1986-06-05
Scott,Golden,lisalee@ball.com,029.423.0547x59557,1953-05-16
Thomas,Melton,kscott@cook-parker.biz,659-425-8380,1974-09-17
Dennis,Hutchinson,dana42@vega.net,(464)058-5211x45997,2002-07-17
Mike,Montoya,jasonanderson@hotmail.com,001-705-224-8348,1938-10-07
Robert,Evans,rhondamarquez@yahoo.com,737-114-5474x43255,1966-01-18
Angel,Rivera,gibsonjacob@yahoo.com,(930)103-9288,1959-10-19
Rick,Carr,ehaynes@kirby.com,638-961-1690,1939-03-11
Megan,Rivera,susan92@gmail.com,925-252-2723x887,1978-11-05
Brian,Curtis,goodwinwayne@yahoo.com,885.221.6480,1968-05-28
Shannon,Jensen,alexanderowens@mann.biz,860.609.1099x10044,1936-11-25
Kelsey,Thompson,joannejones@hotmail.com,001-870-163-9975x8358,1960-01-05
Patricia,Miller,nyoung@hotmail.com,533-055-6286x302,1989-04-21
Amanda,Fox,jacob88@schwartz-myers.com,7192244465,1955-10-23
Derrick,Owens,markmiller@gmail.com,021.287.0721x34599,1934-08-15
Tracy,Fletcher,michaelsmith@gmail.com,776-484-8358,1990-11-16
Tim,Jones,montoyajeremy@gmail.com,+1-650-420-7717x284,1980-12-21
Becky,Hardy,martinsmith@larson.net,(095)601-7420x316,1940-03-09
Lori,Morgan,seanroberts@gmail.com,+1-475-997-4720,1974-03-12
Mark,Mcintyre,lorraine67@gmail.com,381.359.2258x072,1972-09-21
Jesse,Craig,jennifer72@gmail.com,+1-978-398-0382,1940-08-13
Thomas,Morrison,kyle66@collins-eaton.org,(524)330-9787,1953-04-25
Tim,Watson,michaelwallace@gmail.com,(135)067-2500x9472,1951-11-23
Gerald,Collins,ginajenkins@parker.com,+1-988-786-8844x65703,1961-01-24
Nathaniel,Taylor,ssmith@gmail.com,001-055-124-7317x748,1938-03-05
Kristen,King,aaron49@young-thornton.com,254.680.8926,1957-01-02
Brian,Curtis,ginajohnson@hotmail.com,(008)567-9696,1974-01-03
Tyrone,Avila,jerry58@reyes.com,491-743-3479x776,1978-09-14
Scott,Moore,alexiswilson@gmail.com,001-002-986-8889,1960-01-02
Jessica,Strong,marynewton@hotmail.com,171.354.0053x70571,1937-06-09
Robert,King,monicamathews@sanchez.com,(198)039-4059x698,1952-07-12
Jermaine,Price,turnercrystal@collins-cardenas.biz,996-067-4564,1956-07-24
Jason,Evans,jasmincruz@yahoo.com,(764)993-3990,1957-08-31
Lisa,Bennett,todd89@wilson.com,001-285-795-4236,1945-11-06
Lisa,Holder,lindsaygarrison@ramirez.org,3714950137,1942-07-19
Eduardo,Humphrey,mackmatthew@pena.com,781-871-7184x82397,1968-05-17
Megan,Wilson,michaellamb@hotmail.com,9283456495,1952-10-19
Leah,Potter,hartdustin@owen-dean.com,001-384-928-8555x52097,1992-03-26
Andrea,Tyler,gregory92@yahoo.com,+1-136-483-5079,1943-11-04
Kimberly,Harding,hayesgabriella@bell-edwards.net,7177505311,2005-04-28
Erica,Roth,lewisangela@hoffman-orozco.net,+1-493-516-1279,1958-10-19
Christopher,Wilson,ewatts@hotmail.com,+1-243-977-5766x197,1966-01-06
Patricia,Baldwin,chavezjames@yahoo.com,6085907006,1994-05-16
Kyle,Morgan,jeffrey08@larson-contreras.com,001-603-894-6278x3147,1990-08-12
Veronica,Cowan,benjaminpatton@ward-rocha.com,001-058-289-1995x97303,1934-04-03
Alfred,Nelson,ibradley@love-jordan.biz,+1-329-075-1528,1982-05-16
Zachary,Ochoa,kyle91@pitts-brown.com,+1-398-741-5308x81549,1942-05-25
Bernard,Bush,karen71@yahoo.com,371-150-3925x2597,1984-10-10
Molly,Torres,shawangela@kennedy.com,336.993.9851x3883,1977-12-03
Jessica,Baker,scottamy@johnson.com,+1-955-350-8874x553,1938-02-17
Tina,Day,gcook@gmail.com,(443)096-6879x2246,1985-12-31
Victor,Cole,ubarrett@warner.biz,624.782.8454x081,1996-08-28
Jason,Hoffman,ronald88@hotmail.com,658.510.6881,1954-01-27
Timothy,Harris,hermancaroline@hotmail.com,265-166-8451x64534,1970-09-16
David,Hill,emily56@yahoo.com,001-768-945-3705x9967,1945-02-25
Stephen,Haynes,abigail74@yahoo.com,+1-403-922-3436x6751,1987-02-04
Caroline,Chen,robert43@flores-yoder.info,(549)499-4596x09364,1961-04-28
Lisa,Harris,cwatson@hotmail.com,001-259-931-6777x636,1973-03-11
Kimberly,Mills,inash@mcknight-gibbs.com,335-603-2496,1952-04-25
Heather,Bell,prattoscar@hotmail.com,001-530-708-2701x0925,1953-05-19
Jerry,Williams,laurentrevino@hotmail.com,(512)162-4063,1972-02-18
Donna,Long,watsonzachary@gmail.com,001-465-808-1216x40168,1967-07-21
Jonathan,Thomas,amychambers@potter.biz,3541263601,1970-12-05
Karen,Hooper,wolfscott@hotmail.com,279.184.0666,1950-01-04
Ricky,Ramos,yschultz@yahoo.com,(303)722-8272x7246,1972-11-03
Karen,Galvan,guy52@gordon.com,+1-609-482-5230,1981-02-12
Jacob,Campos,davismichael@yahoo.com,001-283-979-2858x77409,1970-06-06
John,Johnson,emyers@gmail.com,(454)690-8219,1950-04-18
Anna,Watson,adominguez@gmail.com,217-448-5462x30106,1951-10-01
Harold,King,jortiz@hotmail.com,909-524-1020x140,1998-07-08
Alexis,Hayes,tiffanyreyes@hotmail.com,+1-058-144-2998x945,1956-04-30
Jennifer,Smith,rking@gmail.com,+1-426-971-7986x752,1956-05-12
Julie,Miller,charles01@gmail.com,949.646.5622,1959-10-21
Paul,Hart,davidsimmons@bass.net,(740)533-0243,1952-04-26
Christopher,Mitchell,tinawolfe@leblanc.com,635-638-5452x121,1986-02-04
Daniel,House,waltersalexander@hotmail.com,+1-168-014-9780x47548,1936-04-26
Benjamin,Choi,edwardsanthony@brown.biz,(349)711-7154,1961-09-29
Clinton,Humphrey,danielsdarryl@hotmail.com,(577)365-7583x67916,1996-08-09
Elizabeth,Olsen,meagan85@yahoo.com,837.115.4813,1964-07-12
Savannah,Campbell,keith39@hotmail.com,894.838.0640,1959-12-30
Joanne,Ruiz,nicholas44@hotmail.com,703.888.5409,1996-06-21
David,Huber,judyclay@yahoo.com,678-449-9907x5982,1994-08-30
Brandi,Carrillo,john01@porter.com,(442)183-2028,1953-10-30
Mitchell,Mendez,luke38@roman.biz,(414)911-7877x6204,1971-04-25
Tanya,Logan,brobinson@hotmail.com,(188)930-7090x79614,1946-11-20
Krista,Williams,amy07@hotmail.com,3199152491,1947-08-18
Richard,Keller,whitegregory@hotmail.com,586-664-8514x962,1933-12-18
Robin,Scott,miranda90@gmail.com,608.306.7007x9815,1942-10-16
Christopher,Mejia,fergusonlinda@yahoo.com,554-394-5979x396,2004-09-01
Brian,Ortiz,brucebrown@hotmail.com,+1-941-778-8071x56554,1992-07-29
Joseph,Brown,richardsalice@rivera-reynolds.com,640.328.9495x63493,1947-03-01
Anthony,Gonzalez,hicksbrian@kennedy-berry.biz,001-542-377-1909x7882,1959-06-12
Tara,Brandt,billyhensley@hotmail.com,+1-817-786-9460x72536,1971-02-09
Kimberly,Mora,jnewman@davis.com,(858)317-5421x80804,1990-04-16
Kristin,Rios,williamssarah@gmail.com,001-636-531-7103,1952-06-11
Allen,Mcmillan,perkinswilliam@powell-juarez.com,0873572912,1966-10-14
Brian,Miller,owise@gonzalez-may.info,837-640-6205x2663,1960-01-17
Pamela,Hubbard,selena18@gmail.com,032-360-1463x20990,1976-03-16
William,Ortega,michael80@yahoo.com,+1-245-443-3975x63083,1966-08-26
James,Brewer,rhamilton@hudson.com,682-163-2071x8493,1962-06-02
Denise,Pugh,christine58@yahoo.com,997.480.3192,1937-04-28
Mark,Peck,khall@yahoo.com,1798098101,1969-01-14
Jamie,Snyder,harrisjohn@wiley-hernandez.net,752-000-7906,1982-01-20
Oscar,Walker,ugriffin@hotmail.com,307.807.0586,1976-10-13
Michele,Stephens,gallowaymanuel@johnson-foster.com,+1-584-003-7108x690,1965-09-03
Michael,Adams,nancybarnett@lee.com,341-236-6537x3910,1959-05-18
Mark,Barnett,charris@hotmail.com,0550000942,1976-10-19
Robert,Hicks,katelyn86@hotmail.com,044-238-1565x18971,1964-05-23
Charles,Willis,kelly07@yahoo.com,001-865-861-6106x506,1996-03-01
Kaitlyn,Howell,awilliams@soto.com,521-804-4670,2001-10-04
Kevin,Wong,spayne@hotmail.com,+1-528-634-5528x85202,1980-02-23
Suzanne,Hudson,justin16@gonzales-garcia.info,(790)236-4121x0596,1976-09-12
Jill,Gonzales,brandon03@yahoo.com,294.386.2399,1985-09-07
Melissa,Davis,leechristopher@yahoo.com,(288)861-3445,1947-03-22
Jasmine,Dennis,buckkaren@allen-mitchell.com,(557)166-9987x0776,1973-11-11
Gregory,Chan,wilsontony@turner.com,001-251-591-4657x70207,1972-01-21
Michelle,Nichols,henryshelby@jackson.com,226-561-7395x37925,1958-11-18
Michael,Richardson,myersrichard@gmail.com,+1-008-446-1632x149,2000-10-04
Jeffrey,Davis,jamesjones@yahoo.com,448.740.9489x598,1958-02-26
Elizabeth,Ross,trevor32@rodriguez.com,(968)973-5364x81788,2001-04-07
Matthew,West,fallen@jimenez-conrad.com,6025653531,1934-02-24
Nicole,Tyler,osanchez@williams-hanna.com,(481)794-5174x863,1950-12-31
Kari,Carroll,jonesjerry@howard.biz,+1-065-663-1735,1990-09-12
Danny,Jones,reynoldsdavid@miller.org,154.355.8209x779,1986-03-16
Caitlin,Wu,danielle02@gentry.com,576-564-6358x214,1992-06-21
Ryan,Evans,sarahbowers@yahoo.com,896.602.9686x5475,1949-06-28
James,David,barkerrichard@mason-walker.com,102-111-8971,1992-03-26
Ashley,Horton,scott26@yahoo.com,(140)656-4320,1975-10-08
Lisa,Mclean,james28@knox.com,338-695-8152,1951-11-12
Carla,Davis,nfowler@hotmail.com,8773045887,2000-04-28
Jeffery,Rush,pfreeman@sweeney-frazier.com,+1-091-827-6864x576,1951-06-19
Kenneth,Roberts,joshuastafford@hotmail.com,321.198.8671,1938-01-02
Heidi,Hensley,jessica03@yahoo.com,982.503.0679x706,2002-01-05
Megan,Rose,emilymitchell@hotmail.com,001-250-036-6530x19006,1969-06-09
Carly,Castro,kperry@mccarthy-olson.com,001-782-138-2490x09801,1987-06-26
Amy,Aguilar,michael62@carrillo-maldonado.biz,+1-806-247-3317x50883,1974-02-07
Charles,Sullivan,ashleygonzalez@wiggins.com,(630)573-8266x26249,1962-08-18
Sonia,Watson,kathryn76@robinson.info,951-182-3360,1946-09-27
Samantha,Hamilton,fprice@ramirez.biz,(049)553-2895x367,1949-07-06
Michael,Avila,nicoledavis@hotmail.com,001-161-511-9992,1961-08-11
David,Lynn,austin53@torres-spencer.biz,(695)741-4496,1964-11-18
Melinda,Collins,david61@yahoo.com,032.111.1226x02988,1942-04-21
Morgan,Nunez,smithjames@taylor.com,283-162-8689,1978-05-29
Christie,Nelson,donald47@banks.com,7638790350,1998-08-31
Elizabeth,Patterson,summersisaiah@cole.org,(648)628-2838x58263,2002-07-08
Anne,Gibson,steven37@hotmail.com,295-445-7779x7228,1950-11-15
Juan,Montgomery,williamcervantes@lopez.net,106-031-1434x6722,1997-06-07
Ronald,Ramirez,toddsaunders@clay.org,(704)001-5606x151,1951-11-10
Gary,Wells,martinezgabrielle@yahoo.com,4170786829,1956-02-20
Haley,Moore,imurray@hotmail.com,(267)324-7062,1970-03-19
Laurie,Thompson,david16@tate-walters.org,544-846-1362x03010,1978-10-11
Kathryn,Anderson,brendananderson@yahoo.com,964-351-5367x644,1962-05-04
Christopher,Werner,tylerwarren@hotmail.com,+1-782-476-5621x102,1987-12-15
Donald,Love,iscott@hotmail.com,001-403-652-6103x394,1941-07-22
Sarah,Montgomery,samanthaflynn@bryant-mckenzie.com,+1-107-028-3244,1982-05-12
James,Smith,rhondanash@yahoo.com,+1-727-877-4063,1967-07-27
Zachary,Strickland,ljarvis@gmail.com,487-222-3082x7374,1963-09-16
Victor,Gilbert,drakejames@cameron.com,001-646-958-6274,1947-09-24
Ethan,Perez,carla26@yahoo.com,001-064-376-8615x6244,1963-07-05
Tiffany,Whitney,davidmeyer@yahoo.com,001-068-513-0495x829,1980-02-17
Daniel,Cunningham,tthompson@pierce-knight.net,+1-042-938-0388x24902,1968-12-16
Adam,Allen,julie99@gmail.com,001-476-300-9982x855,1933-10-18
Christopher,Castro,tyler40@hotmail.com,168.634.6322x691,1988-02-27
Linda,Robinson,maria14@hotmail.com,104.036.1994x5464,1988-11-15
Roger,Villa,oliviaperez@baker-johnson.com,934.541.6120,1978-11-12
Kristen,Williams,caitlin51@cardenas.com,001-510-055-1654x797,1976-02-24
Courtney,Adkins,joseph31@gmail.com,+1-156-344-3948x83079,1952-03-03
Christy,Manning,lisamurphy@yahoo.com,7120973015,1948-03-28
Jeffrey,Young,paynebarbara@scott.com,+1-437-695-9181x1718,1961-11-18
Alex,Gallagher,tammybrooks@yahoo.com,767-507-1135x050,1985-10-03
John,Marshall,dylan35@pearson.com,406.729.1520,1989-04-25
Elizabeth,Wilson,wgomez@yahoo.com,+1-990-828-6579x55751,1959-08-21
Savannah,Soto,jcohen@kim.biz,648.181.9829,1951-10-23
Robert,Miller,christopherfrazier@gmail.com,(472)999-6968x930,1963-05-08
Joshua,Murphy,jessica65@yahoo.com,186-241-4302,1994-12-29
Dana,Vance,gvaldez@yahoo.com,166-156-6294x9920,1953-03-10
Chad,Hill,lanejennifer@bowen.org,(960)424-5515x943,1966-12-18
Margaret,Henry,kmunoz@hotmail.com,+1-310-053-2934x9023,1937-08-10
Paula,Giles,lewisgregory@gmail.com,2598180550,2003-08-06
Catherine,Brown,smorris@gmail.com,001-690-874-3385x132,1967-02-24
Patrick,Simmons,lopezalicia@dougherty-mullins.com,(378)143-1428x1994,1937-10-18
Victoria,Barr,kking@gmail.com,894.679.6729x5445,1998-09-10
Rebecca,Reyes,johnsonmichele@francis-haynes.org,(744)009-0688x872,1992-10-31
Ann,Woodward,paigepatterson@ferguson.com,(759)528-2638,1952-07-05
Sophia,Miller,brownjessica@hotmail.com,001-428-310-2788,1940-03-07
Samantha,Watts,johnsnyder@brown.com,001-932-286-1417x044,1976-10-14
Vanessa,Spencer,wrobbins@hotmail.com,+1-271-560-7857x6886,1951-08-19
Justin,Williams,yfields@price-gallagher.com,461.167.7155,1934-09-29
Victoria,Middleton,emily99@estes.com,(532)919-3800x32360,2002-12-23
Kelly,Mccormick,wjohnston@hotmail.com,+1-893-842-6367x9878,1979-11-03
Dustin,Davis,ubarrett@gmail.com,001-471-836-1467x35707,1978-10-23
Deborah,Gonzalez,harold53@blair.com,604-474-0245,1972-11-08
Lance,Vance,shannonthomas@olson.info,(971)490-9056,1978-12-15
Daniel,Johnson,grobles@gmail.com,(022)127-2818x74778,1958-03-22
Michael,Rollins,randolphjonathan@hotmail.com,(890)758-9455x05954,1993-03-31
John,Rodriguez,teresa15@gmail.com,342.890.6640x33157,2002-06-28
Michelle,Cook,reillytodd@yahoo.com,+1-296-166-5437x258,1963-07-01
Randy,Trevino,hooverbrandon@gmail.com,990-183-4151,1964-02-14
Megan,Best,williamjohnson@gmail.com,001-323-401-0828x71863,1983-10-03
William,Fox,haynessean@hotmail.com,(549)009-0825x594,1952-02-27
Reginald,Powell,nwood@powers.org,(791)318-1369,1977-11-16
Jennifer,Martinez,shelly42@yahoo.com,001-286-233-4305x9056,2004-04-11
Steven,Gross,melissariley@yahoo.com,056.934.1187x71422,1989-11-19
Stephen,Alexander,edwardstracy@ritter-lewis.com,946-426-3425,1984-07-26
Ronald,Young,campbellglenn@hodge.info,+1-718-858-1974x2048,1956-05-19
Jennifer,Singleton,ashleylopez@vargas-peck.info,(880)518-6634x932,1943-11-21
Katherine,Warren,sherrigarrett@compton.info,3033499181,1970-03-31
Sarah,Nichols,dlyons@romero-bryant.com,(191)051-2395,1975-01-18
Steven,Kane,patricklee@howard.com,+1-777-734-5783x355,1994-05-09
Tonya,Lawson,laura34@yahoo.com,182.479.6577x466,1968-04-22
Nathan,Wolfe,ramirezstacy@manning.com,001-962-369-6950,1981-06-28
Cheryl,Mills,jennifer45@yahoo.com,2907201492,1973-03-28
Matthew,Jimenez,jonathangray@hotmail.com,855.384.1145x8848,1947-07-21
Laura,Yang,jessicasmith@rodriguez.org,160-849-0562,1939-06-29
Joseph,Daniel,thompsonjoseph@cantu.org,537.965.1341,1976-04-16
Terry,Rodriguez,clarkzachary@morgan-jones.org,+1-221-842-3316x648,1998-09-10
Wendy,Carroll,fhiggins@gmail.com,877.518.4876x9436,1977-10-19
Andrew,Love,james91@lee.biz,+1-327-138-7409x545,1957-08-27
Michael,Mcneil,dmiles@gmail.com,208.473.2519,2004-09-03
Vanessa,Moore,alvareznancy@mills.com,001-607-974-9269x286,1993-06-10
Jessica,Parker,michaelbell@yahoo.com,3776250345,1969-11-15
Patrick,Harding,frederickandrea@gmail.com,+1-179-569-8583x2902,1967-05-28
Mary,Howard,pmorris@carter.com,565-900-7923,1970-05-14
Crystal,Frazier,pthomas@marshall.com,051.564.8412x657,2002-04-01
Laura,Shannon,thomas55@gmail.com,(546)713-8935,1978-11-12
Michael,Thompson,justin46@young-gonzales.com,001-424-338-7651x039,1994-03-02
Luis,Montgomery,hansendaniel@hotmail.com,+1-802-210-2127x12982,1996-02-26
Holly,Clark,marvinjackson@davenport-morgan.com,001-914-071-4864x117,1999-12-17
Taylor,Sweeney,timothy13@lowe.net,+1-898-977-9927x85746,1993-08-27
Todd,Bowen,morenomichelle@nelson.biz,307-374-9146x05890,1998-08-17
Debra,Brown,lydia34@gmail.com,533-866-3651x891,1952-01-24
Kristen,Mccormick,bmorgan@yahoo.com,(854)077-4041,1977-11-18
Tammy,Reid,bridgesdaniel@curry.info,808-615-9963x617,1998-07-21
Alec,Barton,khill@yahoo.com,518.475.3773x6710,1940-06-15
Jane,Carpenter,chennancy@yahoo.com,+1-306-592-7622x002,1954-11-18
Jennifer,Romero,evan80@hanson.com,(744)079-2405,2004-10-10
Michael,Wilson,zcalderon@stevens.com,125.405.4624x352,2004-09-11
Joseph,Green,aaronbrown@gmail.com,(693)520-0251x142,1961-07-25
James,Reyes,youngjoanna@yahoo.com,(767)418-5276,1966-12-12
Vanessa,Hendricks,charles00@yahoo.com,(724)329-1031x4463,1942-04-29
Sydney,Santos,snowwilliam@hood.com,(670)000-2590x3094,1942-10-27
Justin,Cohen,uunderwood@hotmail.com,134.456.8186x7474,1935-10-20
Elizabeth,Baldwin,zcarroll@hotmail.com,815.878.0857x835,1953-04-25
Ryan,King,joseph83@yahoo.com,426-508-3430x899,1956-01-12
Mary,Nichols,castrorachel@benson-wong.com,(815)794-6052x8468,1990-12-06
Laura,Weeks,rgordon@mccarthy.net,+1-819-506-9181x56366,2001-11-08
Lauren,Thompson,christopher29@carter-york.com,+1-001-609-0873,1935-06-10
Jesus,Mcdonald,aprilgarrett@moore-huynh.com,+1-379-513-3630x529,1954-09-28
Michael,Valdez,millermichael@gmail.com,7207239137,1979-12-02
Luis,Love,corybowman@petty.biz,058.563.0646x64059,1977-11-09
Tamara,Roberson,gaymichael@yahoo.com,438-963-4642x1745,1955-12-12
Brandon,Wells,wolfetina@lawrence.com,+1-611-100-2701,1978-09-25
Emily,Meyer,leah91@russell.biz,+1-107-797-3118x703,1998-07-08
Lisa,Garcia,uvelazquez@gmail.com,(560)367-4734x086,1948-08-28
Crystal,Bullock,zhenson@allen-newton.com,925.153.4368x03126,1936-10-21
Christopher,Carter,aevans@stephens.net,001-162-923-2151,1945-02-02
Rebecca,Thomas,veronica87@gmail.com,+1-891-122-9801x73062,1964-01-19
Melissa,Lawrence,randall86@smith-ingram.com,+1-667-159-9655x6070,1963-07-11
Eduardo,Gonzalez,charlottesandoval@gmail.com,+1-258-998-9806x968,1999-11-13
Carla,Baker,allenperez@duncan.info,595-221-4883x014,1999-10-17
Patricia,Moore,hawkinsjoseph@castillo.com,+1-242-446-8412x15898,2005-12-20
Nicolas,Marks,lwhite@james.com,031-304-2006,1934-11-20
Christopher,Werner,eford@cole.info,(263)133-2007,1943-03-14
Marvin,Newman,staceybowers@yahoo.com,001-721-459-2695x8322,1962-12-09
Phillip,Aguilar,mckinneyjennifer@hotmail.com,+1-943-879-0728x895,2005-02-21
Sean,Rocha,thompsoneric@gmail.com,195-267-6957x6445,1983-02-12
Jeffrey,Spencer,valeriewilson@gmail.com,+1-572-415-1636x96113,1968-11-22
Marc,Molina,sean42@beck-campbell.org,+1-846-927-3519x4970,1970-04-11
Ashley,Chang,gonzalesgeorge@small-rogers.net,(279)816-4639x77665,1936-01-22
Nathan,Graves,ecallahan@hotmail.com,(100)235-9686,1958-01-18
Diane,Coleman,kristenhart@yahoo.com,(667)580-2963x82941,1973-07-25
Paula,Jackson,oyoung@moore.com,+1-347-792-5414x90164,1953-03-14
Donald,Christensen,gibsonsarah@gmail.com,008-704-6289x39844,1992-10-05
Ralph,Wilson,lopezwilliam@yahoo.com,+1-250-216-7608,1937-07-13
Kimberly,York,christinejordan@martin.com,819-037-7055,1972-07-22
Peter,Snyder,apowers@bailey-santiago.org,+1-327-526-4301x3269,2000-09-01
Robert,Escobar,gary37@guzman.com,189.402.2391,1950-10-21
Jessica,Long,anitaharper@yahoo.com,+1-204-160-7810x5940,1974-12-12
William,Bradley,stephaniecarey@yahoo.com,(862)944-4705x714,2006-05-21
Amy,Cochran,craigwilliam@burton.org,001-937-726-4246x73949,1980-05-26
Jessica,Bryant,michael61@gutierrez.biz,5592570602,1955-05-31
Gary,Wilson,betty04@parrish.com,+1-562-071-8969x1888,1981-08-19
Wendy,Harper,zfleming@gmail.com,032.736.1705,1979-01-24
Christopher,Mendoza,russellwesley@perez.biz,001-194-576-5135x91593,1975-10-04
Jacob,Roberts,gonzalezanna@williams.org,(945)992-5133x0296,1943-11-27
Kimberly,Cohen,brittany38@gmail.com,7075971496,1986-11-24
Kathleen,Frazier,martinezrebecca@pierce.com,323-956-7451x7802,1975-12-19
Brent,Martinez,timothychristian@hotmail.com,001-885-284-0654x881,1934-10-13
Kyle,Mcdonald,kpayne@yahoo.com,001-530-704-8242x1402,1940-08-20
Lindsay,Mooney,florescody@gmail.com,001-076-309-0784x4240,1990-05-23
Charles,Williams,kbeasley@yahoo.com,515-129-4484x316,1934-07-27
Miguel,Shannon,jonesamy@walton.biz,+1-660-661-2925,1936-04-26
Kevin,Ramirez,hmoore@ward.com,+1-326-791-7049x5159,1991-04-27
John,White,lpatton@yahoo.com,(440)760-3265x2763,1975-12-18
Francis,Atkinson,gordonsabrina@gmail.com,922-802-2662,2003-09-23
Antonio,Grant,mwalter@gmail.com,+1-774-540-8257x3124,1979-08-14
Cheryl,Walton,danielevans@herman.com,302-083-7079,1960-02-23
Laura,Sanchez,nmckenzie@hotmail.com,0431841294,1960-04-23
Angela,Holland,joseph42@hotmail.com,761-151-1825,2003-08-23
Susan,Beasley,wnguyen@gmail.com,001-128-210-0531x69953,1985-04-13
Aaron,Orozco,james39@cox-donovan.org,(838)772-5215,1963-09-10
Jessica,Copeland,yhenderson@castillo-morgan.com,001-266-572-0995x159,1942-05-24
Roger,Cook,whernandez@hotmail.com,001-979-486-7091,1981-09-23
Kelly,Newman,steven88@santos.com,001-389-213-8290x888,1953-04-04
Christopher,Franco,bwilson@yahoo.com,9045361011,1972-09-25
Wesley,Vasquez,nicholas83@yahoo.com,822-148-4530x476,1993-06-19
Nathan,Meadows,jamesmorris@hull.info,001-209-138-6842,1943-10-24
Krystal,Ryan,mendozasamuel@wagner.biz,120.350.9313x8275,1943-09-29
Omar,Holt,carlsonapril@taylor.com,713.084.0654,1957-09-12
Scott,Huerta,garnerkara@klein-powell.org,765.007.4672x4533,2003-02-14
Jeffrey,Jones,gmclaughlin@hotmail.com,3203288816,1992-09-07
Angela,Choi,chelseaward@robinson-randall.com,445-053-9765x7619,2006-07-13
Jennifer,Jones,barronjared@rivera-henderson.com,083.914.1414,1985-06-03
James,Miller,yrussell@yahoo.com,001-197-717-8264x0403,1957-02-07
Steven,Evans,brownlisa@yahoo.com,(432)404-4827x6489,1998-07-24
John,Saunders,hvalentine@brewer.com,111-941-7673x15331,1935-12-11
Diana,Smith,tross@hutchinson.biz,(354)618-8810,1997-10-12
Amanda,Franklin,jamesnicholson@gmail.com,(015)299-6808,1978-01-27
Caleb,Holmes,barbara12@gmail.com,(410)865-2446,2004-06-30
Alejandro,Holt,tracy84@johnson.com,(271)868-4657x830,1934-02-19
Susan,Greene,butlercrystal@yahoo.com,+1-881-927-6976x81937,1998-05-26
Troy,Newton,danielsbrian@yahoo.com,+1-059-111-4999x304,1941-03-05
Amy,Shaw,matthew70@yahoo.com,433-969-0834x9076,2004-12-24
Eric,Villanueva,nguyenshannon@cook.biz,(739)139-1470x123,1973-01-16
Christine,Prince,jennifer05@yahoo.com,+1-823-735-4212x1211,1952-11-22
Joshua,Robinson,phillipsmario@norris.com,656-167-0698,1957-12-13
Melissa,Johnson,cjackson@mendoza.com,906.176.6234x730,1987-10-31
Jerry,Williams,alichristina@gmail.com,480-177-6638,1971-10-10
Randall,Carroll,mthomas@torres.com,5156526853,1981-02-15
Richard,Rubio,bergerkathryn@gmail.com,2830487027,1993-01-08
Yolanda,Weber,sophialopez@hotmail.com,153-838-7892x137,1954-04-22
Jacob,Jones,nicholsonjudy@gibbs.info,+1-707-029-1055,1958-04-20
Elizabeth,Murillo,barry68@leblanc.com,3652357061,1969-09-27
Michael,Davila,zfowler@jones-smith.com,001-988-469-2728x610,1975-03-26
Anthony,Gonzalez,owensdavid@parks-smith.com,+1-983-577-8620x5327,1980-04-05
Austin,Reid,diane40@alvarez.net,311.832.8255x29586,1972-06-25
Jennifer,Gallagher,burnsandrew@baker.com,234.544.9769x80433,2000-11-02
Christopher,Espinoza,olivia56@williams.com,036.103.9592x24833,1967-05-15
Tony,Scott,gouldkathryn@hotmail.com,(585)475-9073,1998-04-01
Michele,Reed,christopher80@gmail.com,356-051-2063,1997-04-09
Mitchell,Norman,whood@perez-english.com,560-795-7911,1991-12-28
Kendra,Davis,jjarvis@yahoo.com,(039)395-9803,1972-11-23
Daniel,Lewis,salvarez@vincent.net,+1-212-907-4062,1950-10-17
Timothy,Booth,michael58@yahoo.com,724.025.3630x399,1991-01-04
Kara,Ritter,april33@norton-marks.com,+1-147-260-9218,1975-05-19
Laurie,Manning,hooverstephanie@wright.net,534.024.6243,1939-10-12
Matthew,Alvarado,ryan90@gmail.com,(202)360-0911x251,1985-11-27
Olivia,Colon,lynnmyers@rios.com,001-663-942-7074x218,2002-03-09
Thomas,Henderson,eanderson@yahoo.com,048-965-5897x39040,2001-12-14
Amy,Singh,davidkaufman@hotmail.com,+1-927-991-4516,1956-01-08
Timothy,Simon,ppalmer@martinez.org,+1-373-453-4168,1949-02-03
Brittany,Miles,osantos@yahoo.com,365.371.1716x3203,1954-11-21
Joshua,Payne,perkinsandrew@rodriguez-summers.com,232-777-9430x616,1995-05-08
Randy,Clark,nicholaspierce@gmail.com,(233)336-3308,1979-08-11
Nicole,Ross,christopher93@yahoo.com,699.152.3043x72235,1942-10-11
Jennifer,Mcconnell,haley10@weiss-james.com,7245213051,1991-09-01
Benjamin,Perry,murraycurtis@anderson.net,158.322.2141,1992-03-16
Amy,Francis,jnguyen@shelton.com,614-797-1627,1945-07-02
Steve,Chan,ejackson@gmail.com,+1-406-616-4599x53919,1964-04-10
David,Greene,johnbaker@taylor.com,356-345-0169x68848,1956-06-15
Renee,Jackson,james73@walter.net,+1-734-726-7427x490,1947-05-13
Lauren,Chase,thompsonanthony@burke.com,(190)053-8687x522,1989-12-02
Natalie,Jarvis,qryan@smith-booker.com,801-987-7891x47761,1964-07-12
Travis,Avila,michael09@west.biz,(586)189-0659,1968-07-28
Tamara,Flores,michaelpreston@ballard-johnson.com,+1-797-234-2031x3477,1991-03-24
Jennifer,Rojas,jonathondouglas@yahoo.com,479-556-5524,1968-09-03
Brandon,Nichols,wagnerwilliam@yahoo.com,166-327-7116x38808,1958-10-29
Julia,Campbell,changgerald@norris.info,714-455-2243x897,1945-09-17
Richard,Ross,nbush@gmail.com,(494)614-5417,1961-04-25
David,Hill,bradleyjulie@parker.com,277-363-7824,1973-09-28
Alexis,Ballard,lindarogers@villarreal-sharp.com,001-426-205-1470x1599,1988-11-19
Charles,Brown,xgallagher@gmail.com,001-072-913-4682x212,1938-02-09
Robert,Smith,xburgess@williams.biz,2907502145,1986-08-24
Travis,Dudley,oruiz@baker.com,131-780-4420,1962-11-10
Rebecca,Ortiz,petersonjames@hotmail.com,227.060.1860x562,1944-05-26
Sherry,Lee,tinakaufman@henry.com,001-563-244-8904x930,1988-05-26
Denise,Guzman,hollyjackson@robinson.info,934-818-1857x915,1935-11-06
Emily,Lee,allencraig@sloan-smith.com,380.301.1304x69195,1985-10-04
Eric,Vazquez,angelaharding@yahoo.com,001-595-020-7124x65981,1943-01-06
Nicholas,Conrad,david40@yahoo.com,(317)164-0305x58057,1934-05-23
Amy,Brown,jacobbennett@hotmail.com,+1-283-792-2116,1993-10-03
Brandon,Rojas,gonzalezvalerie@hotmail.com,+1-044-213-1644x75489,1941-05-09
Summer,Campbell,davidhodges@hotmail.com,320.623.6244x011,1970-04-08
Julie,Garcia,dianejordan@gmail.com,7333010999,1991-10-24
Michael,Lee,kevingraham@hotmail.com,(079)271-2259,2000-04-24
David,Yoder,jongregory@hotmail.com,001-881-562-4128x1072,1952-05-02
John,Huff,stephanieanderson@gmail.com,(812)674-7466x9378,1956-02-22
Cynthia,Henry,pmartin@sandoval.biz,475-847-9610x43041,1998-06-04
Jeanette,Howard,llewis@lopez.net,(994)184-6988x698,1988-02-29
Brad,Alexander,zchang@peterson.net,+1-170-057-6009x228,1945-04-11
Edward,Mann,melissaboyd@ruiz-burgess.org,001-713-252-0030x81022,1980-10-27
John,Richards,johnsonjessica@gmail.com,439.401.9388,1963-03-26
Eric,Williams,kyleruiz@salinas.biz,432-870-4545,1985-10-16
Kelly,Buckley,unelson@hotmail.com,264.723.7066x3759,1996-09-17
Christopher,Gonzales,timothy02@eaton.com,8131445399,1975-07-06
Nicholas,Ramos,georgekhan@conway.com,266-979-1894x3348,1951-07-05
Jeffrey,Campbell,jessicapeterson@hotmail.com,097-422-2523x141,1938-12-28
Anthony,Harmon,jessica14@hotmail.com,6871970226,2004-10-18
Theodore,Sparks,denisewilliams@hotmail.com,2746444216,1941-02-01
Mary,Stewart,lauren47@sweeney.info,7812053416,1997-08-13
Monique,Diaz,colemanchristopher@gmail.com,7726379799,1976-09-02
Alexandra,Pena,angela00@gonzalez.com,+1-103-608-3940x00285,1980-06-15
Patricia,Reynolds,burnskimberly@jones.info,7036783402,1955-12-26
Amber,Massey,allenmelinda@mcdonald.com,133-324-6800x282,1993-09-07
Erin,Esparza,bbridges@hotmail.com,406.554.0949x40562,2004-01-22
Benjamin,Nguyen,thomaschung@davis-reed.biz,869-061-3413x5172,1966-10-08
Michael,Patterson,ashley54@hotmail.com,053.550.3301x7653,1971-07-07
Benjamin,Mitchell,paulobrien@hotmail.com,(240)687-4608x48042,1973-07-31
Cody,Dominguez,sarah68@gmail.com,483.500.1265x75483,1956-11-01
Jonathan,Vasquez,timothy92@evans.com,+1-284-657-7690x3816,1982-06-21
Vanessa,Lin,reedchristina@brown.net,(698)123-3481x8218,1979-12-01
Amber,Lambert,collinsjohn@gmail.com,3528530754,1946-04-27
Martha,Douglas,lauramarshall@houston.com,(776)635-7817x2150,2004-12-10
Dillon,Mills,ruiztiffany@patterson.net,001-522-583-9006,1953-03-25
William,Johnson,brianjensen@gmail.com,001-054-489-0459,1943-01-20
Erin,Campbell,wisetimothy@yahoo.com,+1-772-805-3558,1936-01-01
Joseph,Chandler,troy00@riley.com,465-076-6959,1949-11-02
Steven,Hull,churchmichelle@mcguire.com,306-233-3147x160,1941-08-26
Jared,Clark,wjohnson@hotmail.com,774.022.5599,1949-06-24
Stephen,Freeman,gary80@moss.com,746-431-0040x87045,1943-11-14
Daniel,Allen,valerie02@hotmail.com,253.667.0758x2140,2004-08-10
Hunter,Hood,wknight@burnett.com,191.953.1176x8699,1953-10-09
Donna,Brown,melissalopez@gmail.com,6864657665,1960-09-21
Pamela,Ferguson,christinacooper@yahoo.com,115-816-7139x74669,1976-09-15
Douglas,Bird,jeffreyknapp@gmail.com,(778)765-5613,1964-09-09
Chad,Sims,veronicasmith@hotmail.com,806.425.9371x109,1951-09-25
Sara,Hernandez,amy84@shepard-jones.com,(629)970-8452x023,1993-12-27
Robin,Davis,gkelly@yahoo.com,283.779.0453,1962-05-31
Aaron,Jennings,davisjohn@knox.com,+1-941-273-8890,1962-09-02
Paul,Fry,donald77@moss-hutchinson.com,933-708-6853,1987-06-16
Samantha,Campbell,masonsherry@bond-campbell.com,+1-084-084-9829,1958-07-16
William,Dominguez,rjones@harris.com,(492)751-1196,1995-11-27
Amber,Black,richardscott@evans.com,+1-405-156-8560x458,1964-07-25
Leslie,Mcmahon,glenn19@dennis-lin.com,246-143-6400,1937-04-13
Sonya,Coleman,ijordan@yahoo.com,318-633-9687,1952-01-27
Danielle,Stafford,ujordan@gmail.com,250-112-6933,1991-04-14
James,Williams,lanebryce@caldwell-garcia.com,889-522-1630x9975,1972-03-30
Joseph,Thompson,smartinez@hansen-hudson.com,(397)745-3435x8116,1936-08-02
Susan,Sanchez,schultzallison@smith.net,(660)480-8024,1998-04-05
Erin,Holmes,susan26@baker.com,700-099-1392,1963-08-26
April,Hines,williamsroberta@gmail.com,053-133-0452x451,1939-11-20
Laura,Kim,kphillips@hotmail.com,837.916.8977,1971-01-15
Sarah,Mccall,robertfoster@gmail.com,(243)089-5692,1979-09-13
Erica,Gonzalez,khoffman@ward.com,001-524-698-6099x53897,1987-08-02
Melody,Cox,ewashington@gmail.com,845-811-0188,1951-11-20
Linda,Gonzalez,amberbarber@larson.com,699.873.1767x427,2001-09-28
Michael,Mathis,llowe@hotmail.com,+1-803-276-1417,2003-01-07
Brenda,Cook,jake31@henry.biz,+1-879-063-6855x0452,1968-10-17
Keith,Harmon,ballmichael@hotmail.com,+1-920-854-4647x51241,1969-03-09
Tonya,Becker,youngnicole@yahoo.com,(539)416-5499,2002-12-24
Charles,Torres,vrivera@hotmail.com,940-384-1171x848,1951-02-13
Mark,Foley,wilsonvictor@larson-carpenter.com,824.242.8345x33373,1945-08-26
Leon,Schmidt,jgallegos@martin.com,001-997-543-0107,1975-11-11
Amber,Jackson,michaelbeard@yahoo.com,+1-436-965-0430,1986-11-18
Michelle,Garrett,jeremy73@harrison-martinez.net,881.979.3471x94185,1942-04-10
Tanya,Sanders,lucassanders@gmail.com,+1-902-859-2087x083,1968-11-27
Adam,Hughes,ndavis@hotmail.com,001-730-672-1708x50050,2001-02-13
Brenda,Herrera,adam55@gmail.com,001-699-812-3367,1951-01-27
Candice,Barnes,hermanhenry@gmail.com,001-183-130-3189,1982-07-09
Jessica,Baker,daniel02@gmail.com,151.347.5802x34675,1999-12-10
Benjamin,Mayer,hallcarol@hotmail.com,560-870-2815,1982-05-03
Patrick,Thompson,camachocaroline@gomez.com,025-245-6507x8875,1951-04-12
John,Brewer,nhernandez@reeves-nielsen.net,6825503067,1937-10-28
Gerald,Andrews,christopher98@miller-carter.biz,123-582-7651,2005-08-11
Daryl,Arnold,bradshawkevin@gmail.com,955.698.2885,1994-06-25
Dale,Cox,frose@yahoo.com,+1-021-853-5360x42329,1960-10-29
Timothy,Hayes,xguerrero@chandler-hall.biz,056.607.6427x71040,1977-11-07
Ryan,Martin,ecollier@jones-austin.net,674.856.4234x32217,1998-05-24
Mark,Nichols,egraves@cooper.net,(118)946-7016,1986-05-21
Patrick,Burch,lhenderson@yahoo.com,001-317-114-9338,1999-04-30
Mary,Bell,james34@harris-murphy.com,+1-132-636-1016,1953-09-10
Phillip,Compton,molly15@gross.com,862-083-5862x10184,1974-11-17
Sandra,Thompson,ablair@carr-roach.org,001-325-575-5561,1984-11-19
Michael,Ortiz,stephen84@mason.net,+1-707-720-0101x2245,1980-01-14
Alexis,Murphy,russellmarquez@yahoo.com,341-975-7932x715,1974-01-07
Jerry,Walters,stewarteric@powell-wilson.org,001-599-710-7901x9379,1948-03-05
Nicholas,Bell,veronicahenson@hotmail.com,(905)595-9788x692,1939-06-12
Lisa,Patterson,mikaylaroy@evans-mooney.net,323-772-3882x26736,1959-10-13
Katie,Fitzgerald,katelyn34@gmail.com,001-920-018-5674x294,1956-03-23
Katherine,Daniel,adrian75@hotmail.com,5603385302,1947-09-13
Natasha,Jackson,janice91@hotmail.com,(303)790-6619,1956-07-19
Joshua,Mcmahon,bhiggins@norton.net,+1-809-746-9597x32698,2003-04-07
Andrew,Avery,jmartin@gross.com,001-743-773-3902x3803,2000-03-07
Kimberly,White,ymoore@hotmail.com,557.358.1749,1966-03-12
Andrew,Owens,mary40@gmail.com,(281)850-1791x92182,1997-07-28
Christina,Andrews,lori51@anderson.biz,569-625-5238x9234,1959-06-01
Jeremy,Gilbert,vleonard@yahoo.com,2718765948,1974-01-10
Amanda,Flores,jacquelinemckinney@hansen.info,001-206-429-0101x999,1996-11-27
Amanda,Gibbs,gonzalesmichael@hotmail.com,053-461-0122x543,1995-12-12
Brian,Moon,wesleyrobbins@yahoo.com,431.177.0342x189,1980-11-14
Christopher,Williams,rlawson@vasquez.com,268-867-9032,1966-07-05
Michael,Massey,romerowilliam@hotmail.com,+1-376-534-6381x019,1945-01-03
Nathan,Norman,jenniferlove@hotmail.com,(063)845-9063x523,1988-04-29
Scott,Carter,ugraham@nolan-brown.com,(086)732-2542x90075,1992-06-12
Rebecca,Williams,iwagner@gmail.com,+1-072-438-4765x33966,1934-08-13
Brad,Austin,christopher34@perez-hicks.info,680.414.1366,1993-05-26
James,White,garciachristopher@hotmail.com,(467)127-4274,1974-10-16
Jessica,Alexander,lwalsh@rivera-aguilar.org,001-513-974-2833x76767,1999-09-02
Dustin,Gray,davenportvincent@hotmail.com,(117)111-8497x795,1971-10-08
Mary,Young,brandylopez@robinson.com,+1-375-962-3950x6799,1977-10-05
Scott,Jones,glennstephen@walker-holder.com,(397)711-2756,1948-05-03
Joseph,Martinez,powerskaren@lyons.net,(972)314-2570x9159,1947-01-11
Candace,Fischer,bradley78@boyd.org,(428)511-9712,1984-02-20
Cassandra,Lambert,shepherdrichard@yahoo.com,4245043768,1983-01-07
Diane,Long,garyaustin@carrillo.biz,+1-885-197-5878,1936-12-24
Tamara,Johnson,troybuchanan@roberts.net,(449)450-0738,2005-04-22
Brian,Nelson,mikesmith@little.com,001-400-715-3693,1958-07-17
Benjamin,Good,danielhall@yahoo.com,+1-130-045-7506,1968-04-15
Gregory,Mcbride,saundersmary@yahoo.com,862.138.8206x5357,1975-03-10
Christopher,Roach,frederick13@allen.com,001-512-345-9500x017,1986-05-28
Bobby,Russell,curtisharper@yahoo.com,719-384-4906x104,1962-05-10
Michael,Gonzalez,ymarquez@becker.com,026.124.5212,1964-10-04
Glenn,Benton,grant91@rodriguez-lamb.com,001-328-822-8652x479,1969-08-20
Stacey,Price,garcianicholas@brown.biz,170.380.3087,1993-10-22
Bridget,Webster,caroline07@davis.com,091.107.0090,1937-07-15
Debbie,Garner,sarahgonzalez@jones.com,(707)791-3498x306,1983-02-06
Timothy,Brown,ericamoore@yahoo.com,108-784-1272,1937-06-07
Juan,Cruz,patrick10@cummings-marshall.net,(490)694-5739,1961-05-24
Benjamin,Shea,josephmills@sharp.org,+1-495-068-6596x49043,1994-03-22
Kari,Gardner,alejandromiller@barber.org,+1-740-203-5189,1994-02-12
James,Byrd,richardrodriguez@savage.info,337.799.9779x67350,2005-10-31
Julie,Wells,gking@yahoo.com,001-702-464-1696,1940-09-29
Jessica,Sullivan,katherineedwards@williams.org,424.056.8573x73628,1944-02-17
Bradley,Day,charles66@gmail.com,+1-770-464-4067x086,1978-03-30
Angela,Sanchez,angel29@powell-grant.com,(963)425-0808x38654,1961-12-15
Jeffrey,Gray,trantravis@gmail.com,(778)411-3127,1955-09-13
John,Allen,howejanet@rush-morris.info,+1-806-031-0265x01436,1956-11-24
Trevor,Jackson,mcknightmatthew@roberts.com,876.430.4150,1963-12-23
Franklin,Smith,johnsonbrenda@yahoo.com,(804)604-9223,1941-06-13
Katie,Reynolds,benjamincunningham@gmail.com,166-874-2910x2251,1985-12-09
Laurie,Campbell,jessica45@anderson.info,(733)434-5012,1985-11-10
Cameron,Johnson,lambsteven@hotmail.com,001-366-127-9805x89869,1949-08-04
Ronnie,Douglas,todd49@miller.com,916-163-8357,1980-05-19
Kevin,Lester,owalker@hensley.com,491-233-4657x02911,1999-07-11
Howard,Combs,michael77@gmail.com,385-641-2424x29852,1998-01-02
Rachel,Rios,rachel89@smith-nguyen.com,6344267233,1992-01-31
Claire,Johnson,katiehernandez@hotmail.com,(783)035-5961,2004-03-24
Pamela,Dean,fcasey@salas-barr.info,(687)528-3587x4189,1981-01-26
Jesse,Thompson,jgonzales@nielsen-murphy.org,(583)348-7835x14668,1955-01-12
Richard,Lambert,warrenkristina@johnson.com,280.727.2407x878,1954-04-25
Jeffrey,Williams,ugarcia@acosta.com,+1-302-150-1195x98673,1952-03-19
Victoria,Powell,vboyd@vaughan.com,+1-629-890-3918x3066,1993-05-08
Mark,Calhoun,michaelsantiago@yoder.org,131.457.9562x236,1986-01-22
Luke,Henderson,kevin51@russell-garcia.com,329.047.6511,1990-08-15
Elizabeth,Reyes,loganbrown@hotmail.com,5458352856,2002-12-04
Victoria,Jones,abrown@johnson.com,+1-223-140-4312x256,1975-12-17
Thomas,Reyes,brianmorales@sullivan.org,001-860-713-2892,1962-06-20
Richard,Small,coxsara@hotmail.com,939-554-8918,1974-09-12
Elizabeth,Little,collinsdeborah@yahoo.com,734-924-2460,1954-10-18
Heather,Reid,jamessmith@obrien.com,928.821.1748x1329,1958-03-22
Derrick,Chen,stephanierice@tapia.net,001-856-103-3935,1975-10-25
David,Reeves,kelly56@gibson.com,226-640-3213x08888,1999-04-13
Jodi,Bush,stanleythomas@ramirez.net,521-124-2238x554,2006-03-18
James,Zimmerman,jenniferjones@ball.net,093-798-1867x54895,1973-07-22
Heidi,Newman,ryankennedy@lang.biz,766.910.6766,1953-08-03
James,Blake,ruizkevin@hotmail.com,589.250.9145,1965-01-05
Sonia,Ruiz,austin86@juarez-torres.com,+1-978-358-1094x312,2001-10-13
David,Alvarez,heatherlane@hotmail.com,001-733-073-4078x186,1993-06-26
Timothy,Orr,davidwilson@fitzpatrick-braun.com,+1-900-743-4933x7744,1967-11-04
Jessica,Williams,pamela89@yahoo.com,483.135.4352,1953-10-31
Joseph,Freeman,brycemann@gmail.com,188-704-8442,1968-09-06
Crystal,Jordan,hornpamela@gmail.com,6295139835,2005-01-26
Kari,Miller,xlarsen@young-crawford.com,001-174-432-9348x3961,1943-07-20
Theresa,Floyd,ehogan@hotmail.com,001-613-614-5536x30134,2003-01-16
Benjamin,Carter,potterlauren@baird.org,001-054-721-0883x374,1992-01-02
Krista,Robinson,abaker@yahoo.com,+1-659-807-9345,1949-05-03
Jerry,Scott,pricemichael@sullivan.biz,798-217-5026,1949-12-28
William,Bradford,zsilva@gutierrez-mathis.com,655.451.7755x1747,2000-07-23
Kelly,Blanchard,ffigueroa@nichols-keith.com,+1-785-936-2830x788,1950-10-03
Christopher,Cummings,cookelizabeth@grimes.net,1899662690,1968-11-10
Troy,Hernandez,allisonespinoza@horton.info,(334)272-0293,1998-10-01
Donald,Davis,bhall@flores-brown.com,(678)453-0624x434,1982-11-25
Steven,Stephenson,sherri82@james-perez.com,944.590.6940x795,1949-03-11
Rachel,Wilkerson,toddsimpson@mitchell-bruce.com,+1-489-623-6562x03392,1992-04-28
Cheryl,Wilson,ryanwise@yahoo.com,(974)440-1382,1958-02-07
David,Thompson,rperry@jackson.info,(160)255-0726x055,1969-04-25
Brittney,Mooney,eanderson@goodman-patel.com,963-336-4331x107,1951-12-18
Eddie,Mcmahon,amber23@thompson-clark.com,+1-006-659-4629x9043,1982-12-31
Bradley,Rogers,johnsonmargaret@hotmail.com,(095)019-3174x21656,1955-07-31
Anthony,Rojas,tyler49@hotmail.com,506.576.9303,1950-06-20
Ariel,Barton,vcarter@yahoo.com,(545)103-8081x37414,1954-09-11
Matthew,Diaz,thompsonregina@hotmail.com,820-175-8246,1942-11-08
Margaret,Goodwin,stacey60@gmail.com,(411)881-9038,2003-04-06
Nicholas,Knox,davidlong@salas-dudley.com,975.819.9960x524,1978-02-28
Ashley,Perry,linda13@hotmail.com,392.863.1168,1991-12-20
Austin,Johnston,qturner@hotmail.com,(784)668-4494x6165,1961-02-12
James,Hall,phillipskerri@howard-small.net,+1-966-718-8814x255,1953-04-21
Crystal,Odom,deleonmichelle@cox.com,+1-634-700-4255x67334,1971-06-19
Judy,Thompson,williamsryan@mccarthy-jensen.net,(213)805-8467x944,1992-03-02
Brandon,Hanson,cathy09@hotmail.com,3030806118,1987-08-08
Andrea,Mcguire,mistyclark@ritter-liu.com,001-786-415-9473,1975-02-21
Deborah,Carter,brandybecker@gmail.com,+1-978-731-9967,1943-07-24
Darren,Garcia,melissa50@porter-lee.com,190.723.2720x40489,2004-07-19
Christopher,Mccoy,mcdonaldlaura@smith.com,9990946459,1988-11-13
Phillip,Johnson,suzanne71@pugh.org,001-423-612-6841x7170,1943-12-21
Jeffrey,Kelly,destinytapia@yahoo.com,(593)850-9433,1962-10-19
Chloe,Anderson,awells@gmail.com,890-617-0347x84425,1978-03-20
Brandon,Austin,patriciadiaz@yahoo.com,+1-510-602-9427x11959,1938-09-06
Emma,Campbell,wlucas@jackson-graves.info,252-040-8885,1999-09-05
Kimberly,Newman,zrocha@yahoo.com,6419797498,1963-03-25
Cassandra,Hale,kallison@yahoo.com,704.128.6031x9456,2000-05-29
Alexander,Clark,brian91@rodriguez.com,381.185.2137x106,1996-09-23
Kathryn,Mckee,brandyharrington@hotmail.com,028.752.2327x2834,1988-12-13
Robert,Garcia,ewillis@johnston-harris.biz,+1-890-261-0385,1983-03-21
Sarah,Vasquez,zmullins@terry.com,849.383.2067x5305,1945-07-17
Jo,Mueller,hornmartin@yahoo.com,215-551-3564,1972-07-06
Kelly,Stephens,rcaldwell@gmail.com,+1-454-495-8359x245,1974-11-10
Yvonne,Bryant,mercadoamanda@gmail.com,078.564.4799,1995-08-28
Crystal,Myers,hjames@hanson.info,3681154336,1969-02-17
Brenda,Larson,estanton@gmail.com,(684)090-1256,1976-11-23
Gerald,Pearson,garciabenjamin@yahoo.com,001-531-749-9274x54567,1954-06-23
Danielle,Shaffer,trevor37@hotmail.com,169.503.2279,1979-02-19
Anna,Hamilton,mitchellkimberly@hotmail.com,(689)395-1158x2885,1936-03-09
Brandi,Drake,tmayer@padilla-larson.com,001-669-686-4239,1974-06-05
Susan,Porter,zrhodes@mitchell.net,2724175317,1956-11-05
Scott,Higgins,steven58@wright.com,(794)456-5092x442,1939-04-15
Alexandria,Rhodes,caroline68@garcia.info,791.699.4365,1981-04-14
Kelly,Wood,wjohnson@harris.org,666.459.8843x57042,1991-05-12
Michael,Jones,michelerichards@serrano.biz,026-293-3380,1976-07-23
Jacqueline,Robbins,hholden@turner-fisher.org,059-108-2922,1943-08-27
Matthew,Harris,christianjordan@hotmail.com,+1-452-585-3931,1993-11-03
Christina,Smith,sevans@gmail.com,853.027.8865,1972-09-14
James,Brown,rogerchavez@hotmail.com,306-393-6548,1999-10-25
Keith,Hendricks,johnroberts@bray.info,489-368-0278x957,1946-08-10
Jasmine,Kim,wellswilliam@yahoo.com,001-849-557-7190x170,1936-04-02
Paul,Burke,kimberlymitchell@yahoo.com,001-226-809-9062,1999-02-11
Kevin,Smith,markpowell@yahoo.com,393-246-2597x399,1946-12-08
James,Stephenson,raymondwilliams@yahoo.com,(497)305-4685,1960-12-19
Michael,Farmer,alex24@norris.com,234.487.2729x79525,1951-07-27
John,Mclaughlin,paulcarr@yahoo.com,028-897-9592,1933-08-25
